"","Player","Rk","Pos","Age","Tm","G","GS","MP","FG","FGA","FG.","X3P","X3PA","X3P.","X2P","X2PA","X2P.","eFG.","FT","FTA","FT.","ORB","DRB","TRB","AST","STL","BLK","TOV","PF","PTS","2021-22_salary"
"1","Aaron Gordon\gordoaa01",181,"PF",25,"TOT",50,50,27.7,4.6,10,0.463,1.2,3.5,0.335,3.4,6.5,0.533,0.522,1.9,3,0.651,1.5,4.1,5.7,3.2,0.7,0.7,1.9,1.8,12.4,16409091
"2","Aaron Holiday\holidaa01",223,"PG",24,"IND",66,8,17.8,2.6,6.6,0.39,1,2.8,0.368,1.6,3.8,0.406,0.467,1,1.3,0.819,0.2,1.1,1.3,1.9,0.7,0.2,1,1.4,7.2,3980551
"3","Aaron Nesmith\nesmiaa01",364,"SF",21,"BOS",46,1,14.5,1.7,3.9,0.438,0.9,2.3,0.37,0.8,1.5,0.543,0.551,0.5,0.6,0.786,0.6,2.2,2.8,0.5,0.3,0.2,0.5,1.9,4.7,3631200
"4","Abdel Nader\naderab01",362,"SF",27,"PHO",24,0,14.8,2.4,4.8,0.491,0.8,1.8,0.419,1.6,3,0.534,0.569,1.2,1.5,0.757,0.3,2.3,2.6,0.8,0.4,0.4,0.8,1.4,6.7,2000000
"5","Al-Farouq Aminu\aminual01",10,"PF",30,"TOT",23,14,18.9,1.7,4.3,0.384,0.3,1.6,0.216,1.3,2.7,0.484,0.424,0.8,1,0.818,1,3.8,4.8,1.3,0.8,0.4,1.2,1.3,4.4,10183800
"6","Al Horford\horfoal01",229,"C",34,"OKC",28,28,27.9,5.8,12.9,0.45,2,5.4,0.368,3.8,7.4,0.51,0.528,0.6,0.8,0.818,1,5.7,6.7,3.4,0.9,0.9,1,1.7,14.2,27000000
"7","Alec Burks\burksal01",83,"SG",29,"NYK",49,5,25.6,4.3,10.2,0.42,2.1,5,0.415,2.2,5.2,0.425,0.522,2.1,2.4,0.856,0.4,4.2,4.6,2.2,0.6,0.3,1,2.1,12.7,9536000
"8","Aleksej Pokusevski\pokusal01",406,"PF",19,"OKC",45,28,24.2,3.1,9.1,0.341,1.3,4.6,0.28,1.8,4.5,0.403,0.412,0.7,0.9,0.738,0.7,4,4.7,2.2,0.4,0.9,2.2,1.3,8.2,3113160
"9","Alex Caruso\carusal01",96,"PG",26,"LAL",58,6,21,2.3,5.3,0.436,0.9,2.4,0.401,1.3,2.9,0.464,0.526,0.8,1.3,0.645,0.5,2.4,2.9,2.8,1.1,0.3,1.3,1.9,6.4,8604651
"10","Alex Len\lenal01",292,"C",27,"TOT",64,42,15.3,2.7,4.3,0.615,0.1,0.4,0.32,2.5,4,0.644,0.629,1.1,1.8,0.629,1.2,2.8,4.1,0.8,0.3,1,0.9,2,6.6,3731707
"11","Alize Johnson\johnsal02",256,"PF",24,"BRK",18,0,10.5,2.2,3.8,0.588,0.1,0.3,0.167,2.2,3.4,0.629,0.596,0.7,0.7,1,1.5,3.5,5,0.8,0.3,0.3,0.5,0.9,5.2,1729217
"12","Andre Drummond\drumman01",137,"C",27,"TOT",46,46,27,6.1,12.4,0.493,0,0.2,0,6.1,12.3,0.5,0.493,2.7,4.5,0.6,3.6,8.4,12,2,1.4,1.1,2.7,3.2,14.9,2401537
"13","Andre Iguodala\iguodan01",239,"SF",37,"MIA",63,5,21.3,1.5,3.9,0.383,1,2.9,0.33,0.6,1,0.53,0.504,0.4,0.6,0.658,0.6,2.9,3.5,2.3,0.9,0.6,1.1,1.4,4.4,17641691
"15","Andrew Wiggins\wiggian01",522,"PF",25,"GSW",71,71,33.3,7.1,14.9,0.477,2,5.2,0.38,5.1,9.7,0.529,0.543,2.4,3.4,0.714,1.2,3.7,4.9,2.4,0.9,1,1.8,2.2,18.6,31579390
"16","Anfernee Simons\simonan01",458,"SG",21,"POR",64,0,17.3,2.6,6.3,0.419,1.9,4.4,0.426,0.8,1.9,0.403,0.569,0.7,0.9,0.807,0.2,2,2.2,1.4,0.3,0.1,0.7,1.5,7.8,3938818
"17","Anthony Davis\davisan02",118,"PF",27,"LAL",36,36,32.3,8.4,17,0.491,0.7,2.8,0.26,7.6,14.3,0.536,0.512,4.4,5.9,0.738,1.7,6.2,7.9,3.1,1.3,1.6,2.1,1.7,21.8,35361360
"18","Anthony Edwards\edwaran01",141,"SG",19,"MIN",72,55,32.1,7,16.8,0.417,2.4,7.2,0.329,4.6,9.6,0.483,0.488,2.9,3.8,0.776,0.8,3.8,4.7,2.9,1.1,0.5,2.2,1.8,19.3,10245480
"19","Anthony Gill\gillan01",177,"PF",28,"WAS",26,4,8.4,1.2,2.3,0.5,0.3,0.9,0.292,0.9,1.4,0.639,0.558,0.5,0.6,0.813,0.6,1.3,2,0.4,0.4,0.2,0.3,1,3.1,1517981
"20","Austin Rivers\riverau01",430,"SG",28,"TOT",36,7,23.5,2.9,6.8,0.424,1.5,4.1,0.369,1.4,2.7,0.51,0.537,0.6,0.9,0.71,0.2,2.1,2.3,2.3,0.8,0.1,1,1.8,7.9,2401537
"21","Avery Bradley\bradlav01",61,"SG",30,"TOT",27,6,22.3,2.4,6.3,0.374,1.2,3.7,0.327,1.1,2.6,0.443,0.471,0.4,0.6,0.8,0.3,1.8,2.1,1.7,0.8,0.1,1,2,6.4,8558441
"23","Bam Adebayo\adebaba01",4,"C",23,"MIA",64,64,33.5,7.1,12.5,0.57,0,0.1,0.25,7.1,12.4,0.573,0.571,4.4,5.5,0.799,2.2,6.7,9,5.4,1.2,1,2.6,2.3,18.7,28103550
"24","Ben McLemore\mclembe01",338,"SG",27,"TOT",53,5,17.1,2.5,6.9,0.37,1.8,5.3,0.346,0.7,1.6,0.447,0.503,0.7,1,0.736,0.3,1.6,1.9,0.7,0.4,0.2,0.8,1.7,7.7,2389641
"25","Ben Simmons\simmobe01",457,"PG",24,"PHI",58,58,32.4,5.6,10.1,0.557,0.1,0.2,0.3,5.6,9.9,0.562,0.56,3,4.9,0.613,1.6,5.6,7.2,6.9,1.6,0.6,3,2.9,14.3,31590000
"26","Blake Griffin\griffbl01",191,"PF",31,"TOT",46,30,25.8,3.8,8.9,0.423,1.5,4.5,0.341,2.3,4.5,0.505,0.509,1.9,2.5,0.744,0.8,4.1,4.9,3,0.7,0.3,1.3,2.4,11,32405817
"28","Bobby Portis\portibo01",412,"C",25,"MIL",66,7,20.8,4.7,9.1,0.523,1.1,2.4,0.471,3.6,6.7,0.542,0.585,0.8,1.1,0.74,1.9,5.2,7.1,1.1,0.8,0.4,0.8,1.7,11.4,8151750
"30","Bol Bol\bolbo01",54,"PF",21,"DEN",32,2,5,0.8,1.8,0.431,0.3,0.8,0.375,0.5,1.1,0.471,0.509,0.3,0.5,0.667,0,0.8,0.8,0.2,0.1,0.3,0.4,0.4,2.2,2161152
"31","Bradley Beal\bealbr01",38,"SG",27,"WAS",60,60,35.8,11.2,23,0.485,2.2,6.2,0.349,9,16.8,0.535,0.532,6.8,7.7,0.889,1.2,3.5,4.7,4.4,1.2,0.4,3.1,2.3,31.3,34502130
"32","Brandon Clarke\clarkbr01",101,"PF",24,"MEM",59,16,24,4.3,8.4,0.517,0.3,1.3,0.26,4,7.1,0.565,0.537,1.3,1.9,0.69,1.6,3.9,5.6,1.6,1,0.9,0.6,1.4,10.3,2726880
"33","Brandon Ingram\ingrabr01",242,"SF",23,"NOP",61,61,34.3,8.4,18,0.466,2.3,6.1,0.381,6.1,11.9,0.51,0.531,4.6,5.2,0.878,0.6,4.3,4.9,4.9,0.7,0.6,2.5,2,23.8,29467800
"34","Brian Bowen\bowenbr02",60,"SF",22,"IND",6,0,2.5,0.2,0.7,0.25,0,0.2,0,0.2,0.5,0.333,0.25,0.2,0.2,1,0,0.5,0.5,0,0,0,0,0.2,0.5,1669178
"35","Brook Lopez\lopezbr01",300,"C",32,"MIL",70,70,27.2,4.6,9.1,0.503,1.4,4,0.338,3.2,5.1,0.632,0.577,1.7,2,0.845,1.5,3.5,5,0.7,0.6,1.5,0.9,2.1,12.3,13302325
"36","Bruce Brown\brownbr01",72,"PG",24,"BRK",65,37,22.3,3.6,6.5,0.556,0.3,0.9,0.288,3.4,5.6,0.599,0.576,1.3,1.8,0.735,1.7,3.7,5.4,1.6,0.9,0.4,0.8,2.2,8.8,4736102
"37","Bruno Fernando\fernabr01",154,"C",22,"ATL",33,0,6.8,0.5,1.3,0.409,0,0.1,0,0.5,1.3,0.429,0.409,0.5,0.7,0.682,0.5,1.9,2.4,0.3,0.1,0.1,0.6,0.7,1.5,1782621
"38","Bryn Forbes\forbebr01",159,"SG",27,"MIL",70,10,19.3,3.6,7.6,0.473,2.2,4.9,0.452,1.4,2.7,0.511,0.618,0.7,0.9,0.77,0.2,1.4,1.6,0.6,0.3,0,0.6,1.1,10,4500000
"39","Buddy Hield\hieldbu01",218,"SG",28,"SAC",71,71,34.3,5.7,14,0.406,4,10.2,0.391,1.7,3.8,0.446,0.548,1.2,1.5,0.846,0.4,4.3,4.7,3.6,0.9,0.4,1.8,2.5,16.6,22477273
"40","Cam Reddish\reddica01",422,"SF",21,"ATL",26,21,28.8,3.7,10.1,0.365,1.3,4.8,0.262,2.4,5.3,0.46,0.428,2.6,3.2,0.817,0.8,3.2,4,1.3,1.3,0.3,1.3,2.6,11.2,4670160
"41","Cameron Johnson\johnsca02",257,"PF",24,"PHO",60,11,24,3.4,8.1,0.42,2,5.6,0.349,1.4,2.5,0.581,0.541,0.8,1,0.847,0.6,2.8,3.3,1.4,0.6,0.3,0.7,1.4,9.6,4437000
"42","Cameron Oliver\oliveca01",385,"SF",24,"HOU",4,0,21.8,4.8,8.3,0.576,1,3.3,0.308,3.8,5,0.75,0.636,0.3,1,0.25,1.3,4,5.3,1.3,0.5,1,0.8,2.8,10.8,2978130
"44","Cameron Payne\payneca01",397,"PG",26,"PHO",60,1,18,3.2,6.6,0.484,1.2,2.8,0.44,2,3.8,0.515,0.576,0.8,0.9,0.893,0.3,2.1,2.4,3.6,0.6,0.3,1,1.6,8.4,6500000
"45","Caris LeVert\leverca01",295,"SG",26,"TOT",47,39,31.6,7.6,17.3,0.441,1.8,5.5,0.326,5.9,11.8,0.495,0.493,3.1,3.8,0.811,0.7,3.9,4.6,5.2,1.4,0.6,2.2,2.2,20.2,17500000
"46","Carmelo Anthony\anthoca01",15,"PF",36,"POR",69,3,24.5,4.7,11.3,0.421,1.9,4.7,0.409,2.8,6.6,0.429,0.506,2,2.2,0.89,0.5,2.6,3.1,1.5,0.7,0.6,0.9,2.1,13.4,2641691
"47","Cassius Stanley\stanlca01",467,"SG",21,"IND",24,0,3.9,0.5,1.8,0.302,0.1,0.5,0.231,0.4,1.3,0.333,0.337,0.3,0.4,0.778,0.3,0.5,0.8,0,0,0.1,0,0.6,1.5,1489065
"48","Cedi Osman\osmande01",388,"SF",25,"CLE",59,26,25.6,3.7,9.9,0.374,1.7,5.5,0.306,2,4.4,0.458,0.458,1.3,1.6,0.8,0.6,2.8,3.4,2.9,0.9,0.2,1.4,2,10.4,8050000
"50","Chasson Randle\randlch01",420,"PG",27,"ORL",41,5,20.4,2.2,5.8,0.388,1.1,3.2,0.338,1.2,2.6,0.449,0.481,0.9,1.2,0.792,0.2,1.8,2,1.8,0.5,0.1,1.1,1.6,6.5,1789256
"51","Chimezie Metu\metuch01",342,"C",23,"SAC",36,6,13.6,2.5,5,0.508,0.4,1,0.351,2.2,3.9,0.549,0.545,0.9,1.2,0.721,0.9,2.3,3.1,0.8,0.4,0.5,0.8,1.6,6.3,1762796
"52","Chris Boucher\bouchch01",59,"C",28,"TOR",60,14,24.2,4.8,9.3,0.514,1.5,3.9,0.383,3.3,5.4,0.609,0.595,2.5,3.2,0.788,2,4.8,6.7,1.1,0.6,1.9,0.8,2.8,13.6,7009615
"53","Chris Paul\paulch01",396,"PG",35,"PHO",70,70,31.4,6.3,12.6,0.499,1.5,3.7,0.395,4.8,8.9,0.543,0.557,2.4,2.6,0.934,0.4,4.1,4.5,8.9,1.4,0.3,2.2,2.4,16.4,30800000
"54","Chris Silva\silvach01",456,"PF",24,"TOT",15,0,6.1,0.7,1.1,0.625,0.1,0.1,1,0.6,1,0.6,0.656,0.7,1,0.733,0.5,1.3,1.8,0.4,0.1,0.4,0.7,1.6,2.1,1669178
"55","Christian Wood\woodch01",534,"C",25,"HOU",41,41,32.3,8,15.6,0.514,1.9,5,0.374,6.1,10.6,0.581,0.574,3,4.8,0.631,1.9,7.8,9.6,1.7,0.8,1.2,2,2.1,21,13666667
"56","Chuma Okeke\okekech01",379,"PF",22,"ORL",45,19,25.2,3,7.2,0.417,1.1,3.1,0.348,1.9,4.1,0.47,0.492,0.7,0.9,0.75,0.9,3.1,4,2.2,1.1,0.5,0.8,1.1,7.8,3277080
"57","CJ Elleby\ellebcj01",143,"SF",20,"POR",30,0,6.4,0.8,2.2,0.379,0.2,1.1,0.206,0.6,1.1,0.563,0.432,0.4,0.5,0.733,0.4,0.7,1.1,0.3,0.2,0.1,0.2,0.9,2.3,1517981
"58","CJ McCollum\mccolcj01",328,"SG",29,"POR",47,47,34,8.6,18.8,0.458,3.6,8.9,0.402,5,9.9,0.509,0.554,2.3,2.8,0.812,0.6,3.3,3.9,4.7,0.9,0.4,1.4,1.9,23.1,30864198
"59","Clint Capela\capelca01",91,"C",26,"ATL",63,63,30.1,6.6,11,0.594,0,0,NA,6.6,11,0.594,0.594,2.1,3.6,0.573,4.7,9.6,14.3,0.8,0.7,2,1.2,2.3,15.2,17103448
"60","Coby White\whiteco01",518,"PG",20,"CHI",69,54,31.2,5.4,13.1,0.416,2.4,6.6,0.359,3.1,6.5,0.473,0.506,1.9,2.1,0.901,0.4,3.7,4.1,4.8,0.6,0.2,2.3,2.6,15.1,5837760
"61","Cody Martin\martico01",317,"SF",25,"CHO",52,10,16.3,1.6,3.6,0.441,0.3,1.1,0.276,1.3,2.5,0.515,0.484,0.5,0.8,0.581,1,2.1,3.1,1.7,0.7,0.2,0.8,1,4,1782621
"62","Cody Zeller\zelleco01",539,"C",28,"CHO",48,21,20.9,3.8,6.8,0.559,0.1,0.6,0.143,3.7,6.2,0.598,0.565,1.8,2.5,0.714,2.5,4.4,6.8,1.8,0.6,0.4,1.1,2.5,9.4,2389641
"63","Cole Anthony\anthoco01",16,"PG",20,"ORL",47,34,27.1,4.7,11.7,0.397,1.2,3.7,0.337,3.4,8.1,0.424,0.449,2.3,2.8,0.832,0.8,3.9,4.7,4.1,0.6,0.4,2.3,2.1,12.9,3449400
"64","Collin Sexton\sextoco01",452,"SG",22,"CLE",60,60,35.3,8.8,18.4,0.475,1.6,4.4,0.371,7.1,14,0.508,0.519,5.2,6.4,0.815,1,2.2,3.1,4.4,1,0.2,2.8,2.6,24.3,6349671
"65","Cory Joseph\josepco01",269,"PG",29,"TOT",63,13,23,3.2,6.8,0.469,0.7,2.1,0.341,2.5,4.7,0.527,0.522,1.1,1.4,0.818,0.6,2,2.5,3.4,1,0.3,1.3,2.2,8.2,4910000
"67","D'Angelo Russell\russeda01",443,"PG",24,"MIN",42,26,28.5,6.7,15.5,0.431,2.9,7.4,0.387,3.8,8.1,0.471,0.523,2.7,3.5,0.765,0.4,2.3,2.6,5.8,1.1,0.4,2.7,1.6,19,30013500
"68","D.J. Augustin\augusdj01",20,"PG",33,"TOT",57,12,19.8,2.4,6,0.394,1.5,3.8,0.382,0.9,2.2,0.413,0.515,1.5,1.6,0.904,0.4,1.3,1.6,3.3,0.5,0,1.1,1,7.7,7000000
"69","D.J. Wilson\wilsodj01",529,"PF",24,"TOT",35,1,12.4,1.9,4.8,0.405,0.9,2.5,0.345,1.1,2.3,0.469,0.494,0.5,0.7,0.68,0.6,2.6,3.2,0.7,0.3,0.5,0.6,1.3,5.2,1789256
"70","Damian Jones\jonesda03",263,"C",25,"TOT",39,10,14,1.8,2.6,0.68,0,0.1,0.2,1.8,2.5,0.704,0.684,1.1,1.5,0.724,0.9,2.2,3.1,0.7,0.3,0.7,0.7,2,4.7,1977011
"71","Damian Lillard\lillada01",297,"PG",30,"POR",67,67,35.8,9,19.9,0.451,4.1,10.5,0.391,4.9,9.4,0.519,0.554,6.7,7.2,0.928,0.5,3.7,4.2,7.5,0.9,0.3,3,1.5,28.8,43750000
"72","Damion Lee\leeda03",290,"SG",28,"GSW",57,1,18.9,2.2,4.8,0.467,1.4,3.4,0.397,0.9,1.4,0.638,0.608,0.7,0.8,0.909,0.4,2.8,3.2,1.3,0.7,0.1,0.5,1.6,6.5,1910860
"73","Daniel Gafford\gaffoda01",167,"PF-C",22,"TOT",54,11,14.6,2.9,4.2,0.684,0,0,NA,2.9,4.2,0.684,0.684,1.3,2,0.667,1.7,2.5,4.3,0.5,0.5,1.4,0.8,1.8,7,1782621
"74","Daniel Oturu\oturuda01",389,"C",21,"LAC",30,0,5.4,0.7,1.7,0.423,0,0.2,0.2,0.7,1.6,0.447,0.433,0.3,0.4,0.75,0.7,0.9,1.6,0.3,0.1,0.2,0.3,0.8,1.8,1489065
"76","Daniel Theis\theisda01",477,"C",28,"TOT",65,51,24.6,3.9,7.2,0.541,0.8,2.3,0.322,3.1,4.8,0.646,0.593,1.1,1.7,0.673,1.4,4,5.5,1.7,0.6,0.9,1,2.6,9.6,8372093
"77","Danilo Gallinari\gallida01",168,"PF",32,"ATL",51,4,24,4,9.3,0.434,2,5,0.406,2,4.3,0.466,0.542,3.2,3.4,0.925,0.3,3.8,4.1,1.5,0.6,0.2,0.8,2.1,13.3,20475000
"78","Danny Green\greenda02",185,"SF",33,"PHI",69,69,28,3.2,7.9,0.412,2.5,6.3,0.405,0.7,1.6,0.438,0.573,0.4,0.6,0.775,0.8,3,3.8,1.7,1.3,0.8,1,1.8,9.5,10000000
"79","Dante Exum\exumda01",149,"SG",25,"CLE",6,3,19.3,1.7,4.3,0.385,0.3,1.8,0.182,1.3,2.5,0.533,0.423,0.2,0.3,0.5,0.3,2.5,2.8,2.2,0.7,0.3,1.2,1.5,3.8,2500000
"80","Danuel House\houseda01",231,"SF",27,"HOU",36,23,25.9,3.1,7.6,0.404,1.5,4.3,0.346,1.6,3.2,0.483,0.504,1.1,1.8,0.651,0.5,3.2,3.7,1.9,0.6,0.4,1,1.9,8.8,3894000
"81","DaQuan Jeffries\jeffrda01",253,"SG",23,"TOT",31,5,15.9,1.6,3.9,0.417,0.6,2.2,0.299,1,1.7,0.566,0.5,0.2,0.3,0.875,0.6,1.7,2.3,0.7,0.5,0.3,0.5,1.5,4.1,1701593
"82","Darius Bazley\bazleda01",37,"PF",20,"OKC",55,55,31.2,5,12.5,0.396,1.5,5.2,0.29,3.5,7.3,0.47,0.456,2.3,3.2,0.702,0.9,6.3,7.2,1.8,0.5,0.5,2.2,1.1,13.7,2513040
"83","Darius Garland\garlada01",170,"PG",21,"CLE",54,50,33.1,6.7,14.9,0.451,1.9,4.9,0.395,4.8,9.9,0.479,0.517,2.1,2.4,0.848,0.4,2,2.4,6.1,1.2,0.1,3,2,17.4,7040880
"84","David Nwaba\nwabada01",374,"SF",28,"HOU",30,9,22.6,3.5,7.3,0.486,0.6,2.1,0.27,3,5.2,0.574,0.525,1.6,2.3,0.691,1.3,2.6,3.9,1,1,0.7,0.6,2,9.2,4650000
"85","De'Aaron Fox\foxde01",162,"PG",23,"SAC",58,58,35.1,9.1,19.1,0.477,1.8,5.5,0.322,7.3,13.6,0.539,0.523,5.2,7.2,0.719,0.6,2.9,3.5,7.2,1.5,0.5,3,2.9,25.2,28103550
"86","De'Andre Hunter\huntede01",236,"SF",23,"ATL",23,19,29.5,5.2,10.8,0.484,1.3,4.1,0.326,3.9,6.7,0.582,0.546,3.2,3.7,0.859,0.7,4,4.8,1.9,0.8,0.5,1.3,2.6,15,7775400
"87","De'Anthony Melton\meltode01",340,"PG",22,"MEM",52,1,20.1,3.3,7.6,0.438,1.7,4.1,0.412,1.6,3.5,0.467,0.548,0.8,1,0.804,0.6,2.5,3.1,2.5,1.2,0.6,1.3,1.6,9.1,8437500
"88","Dean Wade\wadede01",505,"PF",24,"CLE",63,19,19.2,2.1,4.9,0.431,1.2,3.4,0.366,0.9,1.6,0.571,0.556,0.5,0.6,0.769,0.6,2.8,3.4,1.2,0.6,0.3,0.5,1.2,6,1782621
"89","DeAndre' Bembry\bembrde01",41,"SF",26,"TOR",51,12,19.1,2.3,4.5,0.513,0.3,1,0.264,2,3.4,0.589,0.544,0.9,1.3,0.682,0.6,2.2,2.9,2.1,1,0.4,1.4,1.7,5.7,1939350
"90","Deandre Ayton\aytonde01",22,"C",22,"PHO",69,69,30.7,6.2,10,0.626,0.1,0.3,0.2,6.2,9.7,0.639,0.629,1.9,2.5,0.769,3.3,7.2,10.5,1.4,0.6,1.2,1.5,2.8,14.4,12632950
"91","DeAndre Jordan\jordade01",268,"C",32,"BRK",57,43,21.9,3.3,4.4,0.763,0,0,0,3.3,4.4,0.766,0.763,0.8,1.6,0.5,2.1,5.4,7.5,1.6,0.3,1.1,1.5,2,7.5,2641691
"93","Dejounte Murray\murrade01",358,"PG",24,"SAS",67,67,31.9,6.6,14.5,0.453,0.9,3,0.317,5.6,11.6,0.488,0.485,1.6,2,0.791,0.9,6.2,7.1,5.4,1.5,0.1,1.7,2,15.7,15428571
"94","Delon Wright\wrighde01",536,"SG-PG",28,"TOT",63,39,27.7,3.8,8.2,0.463,1,2.7,0.372,2.8,5.5,0.509,0.525,1.6,2,0.802,1,3.2,4.3,4.4,1.6,0.5,1.3,1.2,10.2,8526316
"95","DeMar DeRozan\derozde01",124,"PF",31,"SAS",61,61,33.7,7.5,15.1,0.495,0.3,1.2,0.257,7.1,13.9,0.515,0.505,6.3,7.2,0.88,0.7,3.6,4.2,6.9,0.9,0.2,2,2.1,21.6,26984127
"96","Deni Avdija\avdijde01",21,"SF",20,"WAS",54,32,23.3,2.4,5.8,0.417,1,3.1,0.315,1.4,2.7,0.535,0.502,0.5,0.8,0.644,0.4,4.4,4.9,1.2,0.6,0.3,0.6,2.6,6.3,4692840
"97","Dennis Smith Jr.\smithde03",462,"PG",23,"TOT",23,9,18.3,2.5,6.3,0.4,0.8,2.5,0.328,1.7,3.8,0.448,0.466,0.8,1.1,0.731,0.5,1.9,2.4,3.3,1,0.6,1.1,1.6,6.7,1789256
"98","Denzel Valentine\valende01",497,"SG",27,"CHI",62,3,16.7,2.5,6.7,0.373,1.3,3.9,0.331,1.2,2.8,0.431,0.469,0.3,0.3,0.941,0.4,2.8,3.2,1.7,0.5,0.1,0.7,1.1,6.5,1789256
"99","Derrick Favors\favorde01",151,"C",29,"UTA",68,0,15.3,2.3,3.6,0.638,0,0,0,2.3,3.5,0.643,0.638,0.9,1.2,0.738,2,3.5,5.5,0.6,0.5,1,0.5,2.1,5.4,9720900
"100","Derrick Jones Jr.\jonesde02",264,"SF",23,"POR",58,43,22.7,2.5,5.2,0.484,0.7,2.3,0.316,1.8,2.9,0.619,0.554,1,1.6,0.648,1.3,2.2,3.5,0.8,0.6,0.9,0.6,2.2,6.8,9731707
"101","Derrick Rose\rosede01",439,"PG",32,"TOT",50,3,25.6,5.7,12.2,0.47,1,2.6,0.388,4.7,9.6,0.492,0.511,2.2,2.5,0.866,0.4,2.2,2.6,4.2,1,0.4,1.6,1.1,14.7,13445120
"102","Derrick White\whitede01",519,"SG",26,"SAS",36,32,29.6,5.2,12.6,0.411,2.3,6.8,0.346,2.8,5.8,0.486,0.503,2.7,3.2,0.851,0.4,2.6,3,3.5,0.7,1,1.3,2.5,15.4,15178571
"103","Desmond Bane\banede01",29,"SG",22,"MEM",68,17,22.3,3.4,7.3,0.469,1.7,4,0.432,1.7,3.4,0.513,0.586,0.6,0.7,0.816,0.5,2.6,3.1,1.7,0.6,0.2,0.9,1.8,9.2,2033160
"104","Devin Booker\bookede01",58,"SG",24,"PHO",67,67,33.9,9.3,19.2,0.484,1.9,5.5,0.34,7.4,13.7,0.543,0.533,5.1,5.9,0.867,0.5,3.7,4.2,4.3,0.8,0.2,3.1,2.7,25.6,31610000
"105","Devin Vassell\vassede01",501,"SF",20,"SAS",62,7,17,2,4.9,0.406,0.8,2.4,0.347,1.1,2.5,0.464,0.492,0.7,0.8,0.843,0.4,2.4,2.8,0.9,0.7,0.3,0.4,1.4,5.5,4235160
"106","Devontae Cacok\cacokde01",86,"PF",24,"LAL",20,1,4.9,0.9,1.5,0.586,0,0,NA,0.9,1.5,0.586,0.586,0.3,0.6,0.455,0.6,1,1.6,0.1,0.3,0.2,0.3,0.4,2,1669178
"107","Devonte' Graham\grahade01",183,"PG",25,"CHO",55,44,30.2,4.6,12.2,0.377,3.3,8.7,0.375,1.3,3.5,0.38,0.51,2.4,2.9,0.842,0.4,2.3,2.7,5.4,0.9,0.1,1.5,1.4,14.8,11000000
"108","Dewayne Dedmon\dedmode01",122,"C",31,"MIA",16,0,13.1,2.9,4.1,0.708,0.1,0.3,0.2,2.8,3.8,0.75,0.715,1.3,1.7,0.741,1.8,3.6,5.4,0.8,0.6,0.4,0.8,2.3,7.1,5256308
"110","Didi Louzada\louzama01",302,"SF",21,"NOP",3,0,18.7,1,4.3,0.231,0.7,2.7,0.25,0.3,1.7,0.2,0.308,0,0,NA,0.3,0.7,1,1,0.7,0,1,1.7,2.7,3304859
"112","Dillon Brooks\brookdi01",71,"SF",25,"MEM",67,67,29.8,6.4,15.4,0.419,1.9,5.6,0.344,4.5,9.8,0.461,0.481,2.4,2.9,0.815,0.8,2.1,2.9,2.3,1.2,0.4,1.8,3.5,17.2,12200000
"113","Domantas Sabonis\sabondo01",444,"PF",24,"IND",62,62,36,7.8,14.6,0.535,0.8,2.6,0.321,7,12,0.582,0.564,3.9,5.3,0.732,2.4,9.5,12,6.7,1.2,0.5,3.4,3.3,20.3,18562500
"114","Donovan Mitchell\mitchdo01",348,"PG",24,"UTA",53,53,33.4,9,20.6,0.438,3.4,8.7,0.386,5.7,11.9,0.476,0.52,5,6,0.845,0.9,3.5,4.4,5.2,1,0.3,2.8,2.2,26.4,28103550
"115","Donte DiVincenzo\divindo01",129,"SG",24,"MIL",66,66,27.5,3.8,9.1,0.42,2,5.2,0.379,1.8,3.9,0.475,0.528,0.8,1.1,0.718,1.2,4.5,5.8,3.1,1.1,0.2,1.4,1.7,10.4,4675830
"116","Dorian Finney-Smith\finnedo01",156,"PF",27,"DAL",60,60,32,3.7,7.8,0.472,2,5,0.394,1.7,2.7,0.616,0.6,0.5,0.7,0.756,1.6,3.8,5.4,1.7,0.9,0.4,0.8,2.3,9.8,4000000
"117","Doug McDermott\mcderdo01",332,"PF",29,"IND",66,29,24.5,5.4,10.1,0.532,1.7,4.3,0.388,3.7,5.7,0.641,0.616,1.2,1.5,0.816,0.9,2.4,3.3,1.3,0.3,0.1,0.8,1.8,13.6,13750000
"118","Draymond Green\greendr01",186,"PF",30,"GSW",63,63,31.5,2.7,6,0.447,0.5,2,0.27,2.2,4,0.535,0.492,1.1,1.4,0.795,0.9,6.3,7.1,8.9,1.7,0.8,3,3.1,7,24026712
"119","Drew Eubanks\eubandr01",148,"C",23,"SAS",54,3,14,2.1,3.8,0.566,0,0,1,2.1,3.8,0.562,0.571,1.4,2,0.726,1.4,3.1,4.5,0.8,0.3,0.9,0.8,1.6,5.8,1762796
"120","Duncan Robinson\robindu01",432,"SF",26,"MIA",72,72,31.4,4.4,10,0.439,3.5,8.5,0.408,0.9,1.4,0.625,0.614,0.9,1,0.827,0.1,3.4,3.5,1.8,0.6,0.3,1.1,2.5,13.1,15560000
"121","Dwayne Bacon\bacondw01",24,"SG",25,"ORL",72,50,25.7,4.1,10.1,0.402,0.8,2.9,0.285,3.2,7.2,0.449,0.443,2,2.4,0.824,0.4,2.7,3.1,1.3,0.6,0.1,0.6,1.4,10.9,1789256
"122","Dwight Howard\howardw01",232,"C",35,"PHI",69,6,17.3,2.6,4.4,0.587,0.1,0.3,0.25,2.5,4.1,0.611,0.596,1.8,3,0.576,2.8,5.7,8.4,0.9,0.4,0.9,1.6,2.9,7,2641691
"123","Dwight Powell\poweldw01",414,"C",29,"DAL",58,19,16.7,2.1,3.3,0.619,0.1,0.4,0.238,2,3,0.665,0.631,1.7,2.1,0.782,1.4,2.7,4,1.1,0.6,0.5,0.7,2.3,5.9,11000000
"124","Dylan Windler\windldy01",530,"SF",24,"CLE",31,0,16.5,1.8,4.2,0.438,0.8,2.5,0.338,1,1.7,0.585,0.538,0.7,0.9,0.778,0.6,2.8,3.5,1.1,0.6,0.4,1,1.2,5.2,2239200
"125","E'Twaun Moore\mooreet01",351,"SG",31,"PHO",27,1,14.4,2,4.5,0.455,0.4,1.3,0.314,1.6,3.2,0.512,0.5,0.4,0.5,0.857,0.5,1.1,1.7,1.5,0.6,0.2,0.9,1.2,4.9,2641691
"126","Edmond Sumner\sumneed01",471,"SG",25,"IND",53,24,16.2,2.8,5.3,0.525,0.7,1.7,0.398,2.1,3.7,0.582,0.587,1.3,1.6,0.819,0.3,1.4,1.8,0.9,0.6,0.2,1,1.7,7.5,2320000
"127","Elfrid Payton\paytoel01",398,"PG",26,"NYK",63,63,23.6,4.3,9.9,0.432,0.4,1.6,0.286,3.8,8.3,0.46,0.455,1.2,1.7,0.682,1,2.4,3.4,3.2,0.7,0.1,1.6,1.8,10.1,2239544
"128","Elijah Bryant\bryanel01",79,"SG",25,"MIL",1,0,32,6,13,0.462,1,5,0.2,5,8,0.625,0.5,3,3,1,2,4,6,3,0,1,4,4,16,1489065
"129","Elijah Hughes\hugheel01",235,"SF",22,"UTA",18,0,3.6,0.6,1.7,0.333,0.4,1.3,0.348,0.1,0.4,0.286,0.467,0.2,0.2,0.75,0.1,0.4,0.5,0.3,0.1,0.1,0.3,0.1,1.7,1517981
"130","Enes Kanter\kanteen01",272,"C",28,"POR",72,35,24.4,4.7,7.8,0.604,0,0.1,0.25,4.7,7.7,0.607,0.605,1.8,2.3,0.774,3.9,7.1,11,1.2,0.5,0.7,1.1,2.3,11.2,2641691
"131","Eric Bledsoe\bledser01",50,"SG",31,"NOP",71,70,29.7,4.3,10.3,0.421,1.7,5,0.341,2.6,5.3,0.496,0.503,1.9,2.7,0.687,0.4,3,3.4,3.8,0.8,0.3,1.6,1.6,12.2,18125000
"132","Eric Gordon\gordoer01",182,"SG",32,"HOU",27,13,29.2,5.9,13.6,0.433,2.6,7.8,0.329,3.3,5.8,0.573,0.527,3.5,4.2,0.825,0.3,1.9,2.1,2.6,0.5,0.5,1.9,1.6,17.8,18218818
"133","Eric Paschall\pascher01",392,"PF",24,"GSW",40,2,17.4,3.7,7.5,0.497,0.5,1.4,0.333,3.3,6.1,0.533,0.527,1.7,2.4,0.713,0.7,2.5,3.2,1.3,0.3,0.2,1.1,1.7,9.5,1782621
"134","Evan Fournier\fournev01",161,"SF-SG",28,"TOT",42,36,30,5.9,12.9,0.457,2.8,6.7,0.413,3.1,6.1,0.504,0.565,2.6,3.3,0.788,0.2,2.8,3,3.4,1.1,0.5,1.7,2.3,17.1,18139535
"135","Facundo Campazzo\campafa01",88,"PG",29,"DEN",65,19,21.9,1.8,4.8,0.381,1.2,3.3,0.352,0.7,1.5,0.444,0.502,1.2,1.4,0.879,0.3,1.7,2.1,3.6,1.2,0.2,1.1,2,6.1,3804150
"136","Frank Jackson\jacksfr01",245,"PG",22,"DET",40,6,18.5,3.4,7.3,0.457,1.5,3.8,0.407,1.8,3.6,0.51,0.561,1.5,1.9,0.813,0.4,1.8,2.2,0.9,0.4,0,0.9,1.3,9.8,3000000
"137","Frank Kaminsky\kaminfr01",271,"C",27,"PHO",47,13,15.2,2.6,5.5,0.471,0.7,1.8,0.365,1.9,3.7,0.523,0.531,0.8,1.3,0.617,0.8,3.2,4,1.7,0.3,0.4,0.5,1.5,6.6,2089448
"138","Frank Ntilikina\ntilila01",370,"PG",22,"NYK",33,4,9.8,0.9,2.4,0.367,0.7,1.5,0.479,0.2,0.9,0.194,0.513,0.2,0.5,0.444,0.2,0.8,0.9,0.6,0.5,0.1,0.3,1.4,2.7,1789256
"139","Fred VanVleet\vanvlfr01",499,"SG",26,"TOR",52,52,36.5,6.5,16.7,0.389,3.3,9.2,0.366,3.2,7.6,0.416,0.489,3.3,3.7,0.885,0.6,3.6,4.2,6.3,1.7,0.7,1.8,2.3,19.6,19675926
"140","Freddie Gillespie\gillefr01",178,"PF",23,"TOR",20,2,19.6,2.2,4.2,0.524,0,0,NA,2.2,4.2,0.524,0.524,1.2,1.7,0.697,2.1,2.8,4.9,0.5,0.7,1,0.6,2.2,5.6,1517981
"141","Furkan Korkmaz\korkmfu01",279,"SG",23,"PHI",55,11,19.3,3.1,7.7,0.401,1.8,4.9,0.375,1.3,2.8,0.445,0.52,1.1,1.5,0.732,0.3,1.7,2.1,1.5,0.9,0.2,0.8,1.2,9.1,4629630
"142","Gabe Vincent\vincega01",502,"PG",24,"MIA",50,7,13.1,1.8,4.7,0.378,0.9,3,0.309,0.8,1.7,0.5,0.476,0.4,0.5,0.87,0.2,0.9,1.1,1.3,0.4,0,0.7,1.6,4.8,1669178
"143","Gabriel Deck\deckga01",121,"PF",25,"OKC",10,0,21.2,3.2,6.7,0.478,0.2,1.5,0.133,3,5.2,0.577,0.493,1.8,2.2,0.818,1.6,2.4,4,2.4,0.8,0,0.6,0.9,8.4,3670000
"144","Garrett Temple\templga01",475,"SG",34,"CHI",56,25,27.3,2.8,6.8,0.415,1.2,3.6,0.335,1.6,3.2,0.503,0.503,0.7,0.9,0.8,0.5,2.3,2.9,2.2,0.8,0.5,1,2.3,7.6,4910000
"145","Garrison Mathews\mathega01",322,"SG",24,"WAS",64,24,16.2,1.5,3.7,0.409,1.2,3.1,0.384,0.3,0.6,0.538,0.57,1.3,1.5,0.884,0.3,1.1,1.4,0.4,0.5,0.1,0.2,1.7,5.5,1669178
"146","Gary Clark\clarkga01",100,"SF-PF",26,"TOT",39,11,16.8,1,3.4,0.303,0.8,2.8,0.287,0.2,0.6,0.375,0.42,0.2,0.3,0.8,0.8,2.1,2.9,0.8,0.3,0.2,0.4,0.9,3.1,2100000
"147","Gary Harris\harriga01",204,"SG",26,"TOT",39,38,27.7,3.5,8.8,0.4,1.2,3.6,0.34,2.3,5.2,0.441,0.47,1.6,2,0.821,0.5,1.5,2,2,0.7,0.3,0.9,1.8,9.9,20482143
"148","Gary Payton II\paytoga02",399,"PG",28,"GSW",10,0,4,1,1.3,0.769,0.2,0.4,0.5,0.8,0.9,0.889,0.846,0.3,0.4,0.75,0.2,0.9,1.1,0.1,0.6,0.1,0.1,0.8,2.5,1977011
"149","Gary Trent Jr.\trentga02",492,"SG",22,"TOT",58,38,31.1,5.5,13.5,0.408,2.8,7.4,0.385,2.7,6.1,0.435,0.513,1.4,1.8,0.783,0.5,2.2,2.6,1.4,1,0.2,0.7,1.6,15.3,16000000
"150","George Hill\hillge01",219,"PG",34,"TOT",30,17,22.4,3.2,6.6,0.482,1,2.7,0.388,2.1,3.9,0.547,0.561,1.3,1.7,0.8,0.5,1.5,2,2.4,0.8,0.2,1,1,8.7,4000000
"152","Georges Niang\niangge01",366,"PF",27,"UTA",72,10,16,2.5,5.6,0.437,1.7,4.1,0.425,0.7,1.6,0.469,0.59,0.3,0.3,0.957,0.4,2.1,2.4,0.8,0.3,0.1,0.7,1.6,6.9,3300000
"153","Giannis Antetokounmpo\antetgi01",12,"PF",26,"MIL",61,61,33,10.3,18,0.569,1.1,3.6,0.303,9.2,14.4,0.636,0.6,6.5,9.5,0.685,1.6,9.4,11,5.9,1.2,1.2,3.4,2.8,28.1,39344970
"154","Goga Bitadze\bitadgo01",47,"C",21,"IND",45,3,12.5,1.8,4.3,0.428,0.4,1.8,0.253,1.4,2.6,0.548,0.479,1,1.4,0.738,1.3,2,3.3,0.8,0.2,1.3,0.4,2.1,5.1,3098400
"155","Gordon Hayward\haywago01",214,"SF",30,"CHO",44,44,34,7.1,15,0.473,1.9,4.7,0.415,5.1,10.3,0.499,0.537,3.5,4.2,0.843,0.8,5,5.9,4.1,1.2,0.3,2.1,1.7,19.6,29900000
"156","Gorgui Dieng\dienggo01",127,"C",31,"TOT",38,1,14.5,2.2,4.3,0.521,0.8,1.8,0.429,1.4,2.4,0.591,0.613,1.5,1.8,0.866,1.1,2.6,3.7,1.3,0.7,0.4,0.8,1.5,6.8,4000000
"157","Grant Williams\willigr01",523,"PF",22,"BOS",63,9,18.1,1.7,3.9,0.437,0.8,2,0.372,1,1.9,0.508,0.534,0.5,0.8,0.588,0.8,2.1,2.8,1,0.5,0.4,0.9,2.6,4.7,2617800
"158","Grayson Allen\allengr01",8,"SG",25,"MEM",50,38,25.2,3.5,8.3,0.418,2.1,5.5,0.391,1.3,2.8,0.471,0.547,1.6,1.8,0.868,0.4,2.8,3.2,2.2,0.9,0.2,1,1.4,10.6,4054695
"159","Hamidou Diallo\diallha01",126,"SG-SF",22,"TOT",52,9,23.6,4.3,9,0.477,0.5,1.6,0.341,3.8,7.5,0.505,0.506,2.5,3.8,0.64,1.1,4.1,5.2,1.9,0.8,0.5,1.5,2.6,11.6,5200000
"160","Harrison Barnes\barneha02",30,"PF",28,"SAC",58,58,36.2,5.5,11.1,0.497,1.7,4.4,0.391,3.8,6.7,0.567,0.575,3.4,4.1,0.83,1.1,5.5,6.6,3.5,0.7,0.2,1.6,1.3,16.1,20284091
"161","Harry Giles\gilesha01",175,"C",22,"POR",38,0,9.2,1.1,2.6,0.433,0.2,0.6,0.348,0.9,1.9,0.459,0.474,0.4,0.7,0.593,0.8,2.7,3.5,0.8,0.2,0.3,0.5,1.4,2.8,1789256
"162","Hassan Whiteside\whiteha01",520,"C",31,"SAC",36,4,15.2,3.5,6.2,0.563,0,0,0,3.5,6.2,0.565,0.563,1.1,2.2,0.519,1.7,4.3,6,0.6,0.3,1.3,1.1,2,8.1,2401537
"163","Immanuel Quickley\quickim01",418,"PG",21,"NYK",64,3,19.4,3.6,9.1,0.395,1.8,4.7,0.389,1.7,4.3,0.401,0.497,2.4,2.7,0.891,0.4,1.8,2.1,2,0.5,0.2,0.9,1.8,11.4,2210640
"164","Isaac Bonga\bongais01",57,"SF",21,"WAS",40,8,10.8,0.8,2,0.37,0.3,1.2,0.277,0.4,0.9,0.5,0.451,0.1,0.2,0.625,0.5,1.2,1.7,0.6,0.3,0.2,0.6,1.6,2,1729217
"165","Isaac Okoro\okorois01",382,"SG",20,"CLE",67,67,32.4,3.5,8.3,0.42,0.9,3.2,0.29,2.6,5.1,0.501,0.476,1.7,2.3,0.726,1,2.1,3.1,1.9,0.9,0.4,1.3,2.8,9.6,6720720
"166","Isaiah Hartenstein\harteis01",210,"C",22,"TOT",46,2,12.2,2,3.7,0.55,0,0.1,0.333,2,3.6,0.558,0.556,1,1.5,0.648,1.4,2.5,3.9,1.2,0.4,0.8,1,2.3,5.1,3430810
"168","Isaiah Joe\joeis01",255,"SG",21,"PHI",41,1,9.3,1.2,3.2,0.361,1,2.6,0.368,0.2,0.7,0.333,0.508,0.4,0.6,0.75,0.1,0.7,0.9,0.5,0.3,0.1,0.3,0.8,3.7,1517981
"169","Isaiah Roby\robyis01",437,"PF",22,"OKC",61,34,23.4,3.4,7,0.483,0.5,1.8,0.294,2.9,5.2,0.547,0.52,1.4,1.9,0.744,1.5,4.1,5.6,1.8,0.9,0.6,1.9,2.7,8.7,1782621
"170","Isaiah Stewart\stewais01",469,"C",19,"DET",68,14,21.4,3.3,6,0.553,0.3,0.9,0.333,3,5.1,0.592,0.578,0.9,1.4,0.696,2.3,4.3,6.7,0.9,0.6,1.3,1,2.7,7.9,3277080
"171","Ish Smith\smithis01",463,"PG",32,"WAS",44,1,21,2.9,6.8,0.434,0.4,1.1,0.367,2.5,5.6,0.448,0.465,0.4,0.8,0.576,0.5,2.9,3.4,3.9,0.7,0.3,0.9,1.4,6.7,4500000
"172","Ivica Zubac\zubaciv01",540,"C",23,"LAC",72,33,22.3,3.6,5.5,0.652,0,0.1,0.25,3.6,5.4,0.656,0.654,1.9,2.4,0.789,2.6,4.6,7.2,1.3,0.3,0.9,1.1,2.6,9,7518518
"173","Ja Morant\moranja01",352,"PG",21,"MEM",63,63,32.6,6.8,15.2,0.449,1.2,3.8,0.303,5.7,11.4,0.499,0.487,4.3,5.9,0.728,0.9,3.1,4,7.4,0.9,0.2,3.2,1.4,19.1,9603360
"174","Jabari Parker\parkeja01",391,"PF",25,"TOT",13,0,12.7,2.3,4.2,0.545,0.2,0.8,0.182,2.2,3.4,0.636,0.564,0.8,1,0.769,0.8,2.5,3.2,0.8,0.1,0.4,0.8,1,5.5,2283034
"175","Jaden McDaniels\mcdanja02",330,"PF",20,"MIN",63,27,24,2.6,5.8,0.447,1.1,3.1,0.364,1.5,2.7,0.544,0.545,0.4,0.7,0.6,0.8,2.9,3.7,1.1,0.6,1,0.7,2.7,6.8,2063280
"176","Jae'Sean Tate\tateja01",472,"SF",25,"HOU",70,58,29.2,4.5,8.9,0.506,0.9,2.8,0.308,3.7,6.1,0.595,0.554,1.5,2.1,0.694,1.9,3.5,5.3,2.5,1.2,0.5,1.4,3.2,11.3,1517981
"177","Jae Crowder\crowdja01",113,"PF",30,"PHO",60,42,27.5,3.3,8.2,0.404,2.5,6.3,0.389,0.9,1.9,0.455,0.555,1,1.3,0.76,0.5,4.2,4.7,2.1,0.8,0.5,0.9,2.1,10.1,9720900
"178","Jahlil Okafor\okafoja01",378,"C",25,"DET",27,2,12.9,2.3,3.8,0.618,0.1,0.3,0.222,2.3,3.4,0.656,0.627,0.6,0.9,0.708,0.9,1.6,2.4,0.5,0.2,0.2,0.8,1.4,5.4,2089448
"180","Jahmi'us Ramsey\ramseja01",419,"SG",19,"SAC",13,0,7.2,1.2,2.9,0.395,0.4,1.5,0.263,0.8,1.5,0.526,0.461,0.4,0.4,1,0.2,0.6,0.8,0.5,0.3,0.1,0.2,0.6,3.1,1517981
"181","Jake Layman\laymaja01",287,"SF",26,"MIN",45,11,13.9,2,4.1,0.495,0.5,1.7,0.295,1.5,2.4,0.642,0.557,0.6,0.8,0.703,0.3,1.2,1.5,0.6,0.6,0.4,0.6,1,5.1,3940184
"182","Jakob Poeltl\poeltja01",404,"C",25,"SAS",69,51,26.7,3.8,6.2,0.616,0,0,NA,3.8,6.2,0.616,0.616,0.9,1.8,0.508,3.2,4.8,7.9,1.9,0.7,1.8,1.2,2.5,8.6,8750000
"183","Jalen Brunson\brunsja01",78,"PG",24,"DAL",68,12,25,4.8,9.2,0.523,1.2,2.9,0.405,3.6,6.3,0.578,0.588,1.8,2.2,0.795,0.4,3,3.4,3.5,0.5,0,1.2,1.6,12.6,1802057
"184","Jalen McDaniels\mcdanja01",331,"SF",23,"CHO",47,18,19.2,2.8,6,0.468,0.7,2.2,0.333,2.1,3.8,0.547,0.53,1,1.4,0.703,1,2.6,3.6,1.1,0.6,0.4,1,2,7.4,1782621
"185","Jalen Smith\smithja04",464,"PF",20,"PHO",27,1,5.8,0.8,1.9,0.44,0.1,0.6,0.235,0.7,1.2,0.545,0.48,0.2,0.3,0.714,0.3,1.1,1.4,0.1,0,0.2,0.3,0.6,2,4458000
"186","Jamal Murray\murraja01",359,"PG",23,"DEN",48,48,35.5,7.9,16.5,0.477,2.7,6.6,0.408,5.2,9.9,0.523,0.559,2.8,3.2,0.869,0.8,3.3,4,4.8,1.3,0.3,2.3,2,21.2,31590000
"187","James Harden\hardeja01",200,"PG-SG",31,"TOT",44,43,36.6,7.8,16.7,0.466,2.8,7.6,0.362,5,9.1,0.553,0.548,6.3,7.3,0.861,0.8,7.1,7.9,10.8,1.2,0.8,4,2.3,24.6,43848000
"188","James Johnson\johnsja01",258,"PF",33,"TOT",51,12,20.5,2.9,6.4,0.446,0.6,2.4,0.258,2.3,4.1,0.556,0.494,0.9,1.5,0.592,0.6,2.8,3.5,1.9,0.8,0.8,1.1,2.4,7.2,2641691
"189","James Wiseman\wisemja01",533,"C",19,"GSW",39,27,21.4,4.9,9.4,0.519,0.3,1,0.316,4.6,8.5,0.542,0.535,1.4,2.2,0.628,1.4,4.4,5.8,0.7,0.3,0.9,1.5,3.1,11.5,9166800
"190","JaMychal Green\greenja01",187,"PF",30,"DEN",58,5,19.3,3,6.4,0.463,1.4,3.4,0.399,1.6,3,0.534,0.568,0.8,1,0.807,1.5,3.3,4.8,0.9,0.4,0.4,0.9,2.5,8.1,15852431
"192","Jared Harper\harpeja01",202,"PG",23,"NYK",8,0,2,0,0.5,0,0,0.1,0,0,0.4,0,0,0.4,0.5,0.75,0,0.3,0.3,0.1,0,0,0.4,0.1,0.4,1669178
"193","Jaren Jackson Jr.\jacksja02",246,"C",21,"MEM",11,4,23.5,4.8,11.4,0.424,1.5,5.5,0.283,3.3,5.9,0.554,0.492,3.2,3.8,0.833,1.5,4.1,5.6,1.1,1.1,1.6,1.4,3.8,14.4,9180560
"194","Jarred Vanderbilt\vandeja01",498,"PF",21,"MIN",64,30,17.8,2.2,3.7,0.606,0,0.1,0.2,2.2,3.6,0.615,0.608,0.9,1.6,0.559,1.8,3.9,5.8,1.2,1,0.7,0.8,1.9,5.4,4259259
"195","Jarrett Allen\allenja01",9,"C",22,"TOT",63,45,29.6,4.7,7.7,0.618,0.1,0.3,0.316,4.6,7.3,0.631,0.624,3.2,4.6,0.703,3.1,6.9,10,1.7,0.5,1.4,1.6,1.5,12.8,20000000
"196","Jarrett Culver\culveja01",114,"SG",21,"MIN",34,7,14.7,2,4.9,0.411,0.4,1.6,0.245,1.6,3.4,0.487,0.449,0.9,1.4,0.604,1,2.1,3.1,0.7,0.5,0.3,0.8,1.7,5.3,6395160
"197","JaVale McGee\mcgeeja01",334,"C",33,"TOT",46,2,14.7,3.1,6.1,0.511,0.1,0.5,0.208,3,5.6,0.539,0.52,1,1.5,0.657,1.7,3.5,5.2,0.8,0.4,1.2,1.3,2.6,7.3,5000000
"198","Javonte Green\greenja02",188,"SG-PG",27,"TOT",41,2,11.5,1.3,2.5,0.52,0.2,0.7,0.333,1,1.8,0.597,0.569,0.7,1,0.75,0.6,1.1,1.7,0.4,0.7,0.1,0.5,1.1,3.6,1669178
"199","Jaxson Hayes\hayesja02",212,"C",20,"NOP",60,3,16.1,2.9,4.7,0.625,0.1,0.2,0.429,2.8,4.4,0.635,0.636,1.6,2,0.775,1.5,2.8,4.3,0.6,0.4,0.6,0.7,1.7,7.5,5348280
"200","Jaylen Brown\brownja02",74,"SG",24,"BOS",58,58,34.5,9.3,19.2,0.484,2.8,7.1,0.397,6.5,12.1,0.536,0.558,3.3,4.3,0.764,1.2,4.8,6,3.4,1.2,0.6,2.7,2.9,24.7,24830357
"201","Jaylen Nowell\nowelja01",369,"SG",21,"MIN",42,0,18.1,3.4,8,0.424,1.2,3.6,0.333,2.2,4.4,0.497,0.499,1.1,1.3,0.818,0.5,1.8,2.3,1.5,0.5,0.3,0.7,1.7,9,1782621
"202","Jayson Tatum\tatumja01",473,"SF",22,"BOS",64,64,35.8,9.5,20.6,0.459,2.9,7.6,0.386,6.5,13,0.502,0.53,4.6,5.3,0.868,0.8,6.6,7.4,4.3,1.2,0.5,2.7,1.9,26.4,28103550
"203","Jeff Green\greenje02",189,"C",34,"BRK",68,38,27,3.8,7.8,0.492,1.5,3.7,0.412,2.3,4.1,0.564,0.59,1.8,2.4,0.776,0.5,3.4,3.9,1.6,0.5,0.4,0.8,1.8,11,4500000
"204","Jerami Grant\grantje01",184,"SF",26,"DET",54,54,33.9,7.4,17.3,0.429,2.1,6.1,0.35,5.3,11.2,0.473,0.491,5.4,6.4,0.845,0.6,4,4.6,2.8,0.6,1.1,2,2.3,22.3,20000000
"205","Jeremy Lamb\lambje01",284,"SG",28,"IND",36,8,21.3,3.3,7.7,0.435,1.4,3.6,0.406,1.9,4.1,0.459,0.529,2,2.1,0.947,0.7,2.9,3.6,1.5,0.9,0.6,0.6,2,10.1,10500000
"206","Jevon Carter\carteje01",93,"PG",25,"PHO",60,1,12,1.6,3.7,0.422,0.9,2.5,0.371,0.6,1.2,0.528,0.547,0.1,0.1,0.571,0.3,1.3,1.5,1.2,0.5,0.2,0.3,0.9,4.1,3833333
"207","Jimmy Butler\butleji01",84,"SF",31,"MIA",52,52,33.6,7,14.2,0.497,0.5,2,0.245,6.6,12.2,0.538,0.514,6.9,8,0.863,1.8,5.1,6.9,7.1,2.1,0.3,2.1,1.4,21.5,36016200
"208","Joe Harris\harrijo01",206,"SF",29,"BRK",69,65,31,5.2,10.2,0.505,3.1,6.4,0.475,2.1,3.8,0.555,0.654,0.7,0.9,0.778,0.6,3,3.6,1.9,0.7,0.2,0.9,2,14.1,17357143
"209","Joe Ingles\inglejo01",241,"SF",33,"UTA",67,30,27.9,4.1,8.4,0.489,2.7,6.1,0.451,1.4,2.3,0.59,0.652,1.1,1.3,0.844,0.4,3.2,3.6,4.7,0.7,0.2,1.7,1.8,12.1,14000000
"210","Joel Embiid\embiijo01",146,"C",26,"PHI",51,51,31.1,9,17.6,0.513,1.1,3,0.377,7.9,14.6,0.541,0.545,9.2,10.7,0.859,2.2,8.4,10.6,2.8,1,1.4,3.1,2.4,28.5,31579390
"211","John Collins\collijo01",105,"PF",23,"ATL",63,63,29.3,6.8,12.2,0.556,1.3,3.3,0.399,5.5,8.9,0.615,0.61,2.7,3.2,0.833,1.9,5.5,7.4,1.2,0.5,1,1.3,3.1,17.6,23000000
"212","John Konchar\konchjo01",278,"SG",24,"MEM",43,0,13.4,1.6,3.2,0.5,0.5,1.3,0.375,1.1,1.9,0.585,0.576,0.6,0.7,0.833,0.8,2.2,3,1.1,0.7,0.2,0.4,0.9,4.3,2197674
"213","John Wall\walljo01",509,"PG",30,"HOU",40,40,32.2,7.3,18.2,0.404,2,6.2,0.317,5.4,11.9,0.449,0.458,4,5.3,0.749,0.4,2.8,3.2,6.9,1.1,0.8,3.5,1.2,20.6,44310840
"214","Jordan Clarkson\clarkjo01",102,"SG",28,"UTA",68,1,26.7,6.7,15.8,0.425,3.1,8.8,0.347,3.7,7,0.523,0.522,1.9,2.1,0.896,0.7,3.3,4,2.5,0.9,0.1,1.7,1.6,18.4,12420000
"215","Jordan McLaughlin\mclaujo01",337,"PG",24,"MIN",51,2,18.4,2,4.7,0.413,0.6,1.8,0.359,1.3,2.9,0.447,0.481,0.5,0.6,0.767,0.4,1.7,2.1,3.8,1,0.1,1,0.9,5,1669178
"216","Jordan Nwora\nworajo01",375,"SF",22,"MIL",30,2,9.1,2.1,4.5,0.459,0.9,2.1,0.452,1.1,2.4,0.466,0.563,0.6,0.8,0.76,0.3,1.7,2,0.2,0.5,0.2,0.8,0.7,5.7,1517981
"217","Jordan Poole\poolejo01",407,"SG",21,"GSW",51,7,19.4,4,9.3,0.432,1.9,5.4,0.351,2.1,3.9,0.545,0.535,2.1,2.3,0.882,0.3,1.5,1.8,1.9,0.5,0.2,1,1.7,12,2161440
"218","Josh Green\greenjo02",190,"SG",20,"DAL",39,5,11.4,1.1,2.4,0.452,0.1,0.6,0.16,1,1.7,0.559,0.473,0.3,0.6,0.565,0.7,1.3,2,0.7,0.4,0.1,0.4,0.9,2.6,2957520
"219","Josh Hart\hartjo01",209,"SF",25,"NOP",47,4,28.7,3.2,7.3,0.439,1.3,4.1,0.326,1.9,3.2,0.583,0.531,1.5,1.9,0.775,1.1,6.9,8,2.3,0.8,0.3,1,2.4,9.2,12000000
"220","Josh Jackson\jacksjo02",247,"SG",23,"DET",62,25,25.2,4.8,11.4,0.419,1.2,4.1,0.3,3.5,7.3,0.487,0.473,2.6,3.5,0.729,0.9,3.2,4.1,2.3,0.9,0.8,2.3,2.9,13.4,5005350
"221","Josh Okogie\okogijo01",380,"SG",22,"MIN",59,37,20.3,1.7,4.3,0.402,0.5,1.8,0.269,1.2,2.5,0.5,0.459,1.4,1.8,0.769,1.1,1.6,2.6,1.1,0.9,0.5,0.7,2.1,5.4,4087904
"222","Josh Richardson\richajo01",428,"SG",27,"DAL",59,56,30.3,4.5,10.5,0.427,1.5,4.5,0.33,3,5.9,0.501,0.498,1.7,1.8,0.917,0.9,2.4,3.3,2.6,1,0.4,1.3,2.2,12.1,11600000
"223","Jrue Holiday\holidjr01",224,"PG",30,"MIL",59,56,32.3,7,13.9,0.503,1.9,4.8,0.392,5.1,9.2,0.561,0.57,1.8,2.3,0.787,1.2,3.3,4.5,6.1,1.6,0.6,2.2,1.7,17.7,30133333
"224","Juan Toscano-Anderson\toscaju01",489,"SG",27,"GSW",53,16,20.9,2.3,3.9,0.579,0.7,1.7,0.402,1.6,2.2,0.718,0.667,0.4,0.6,0.71,0.5,3.9,4.4,2.8,0.8,0.5,1.2,2.1,5.7,1701593
"225","Julius Randle\randlju01",421,"PF",26,"NYK",71,71,37.6,8.5,18.6,0.456,2.3,5.5,0.411,6.2,13.1,0.474,0.516,4.9,6,0.811,1.2,9,10.2,6,0.9,0.3,3.4,3.2,24.1,19800000
"226","Justin Holiday\holidju01",225,"SG",31,"IND",72,52,30.3,3.6,8.7,0.413,2.4,6.3,0.382,1.2,2.4,0.494,0.551,0.9,1.2,0.788,0.4,3.1,3.6,1.7,1,0.6,0.8,1.9,10.5,6006420
"227","Justise Winslow\winslju01",531,"SF",24,"MEM",26,1,19.5,2.8,8.1,0.352,0.4,2.1,0.185,2.5,6,0.41,0.376,0.8,1.3,0.571,0.7,3.8,4.5,1.9,0.6,0.5,1.4,1.8,6.8,16902439
"229","Karl-Anthony Towns\townska01",491,"C",25,"MIN",50,50,33.8,8.5,17.5,0.486,2.4,6.3,0.387,6.1,11.2,0.541,0.555,5.3,6.2,0.859,2.7,7.9,10.6,4.5,0.8,1.1,3.2,3.7,24.8,31610000
"230","Kawhi Leonard\leonaka01",293,"SF",29,"LAC",52,52,34.1,8.9,17.5,0.512,1.9,4.9,0.398,7,12.6,0.557,0.568,5,5.7,0.885,1.1,5.4,6.5,5.2,1.6,0.4,2,1.6,24.8,39344900
"231","Keita Bates-Diop\bateske01",33,"SF",25,"SAS",30,0,8.2,1,2.2,0.448,0.2,0.6,0.294,0.8,1.7,0.5,0.485,0.5,0.7,0.667,0.3,1.3,1.6,0.4,0.4,0.2,0.2,0.4,2.6,1729217
"232","Kelan Martin\martike03",319,"SF",25,"IND",35,0,9.2,1.8,3.9,0.449,0.7,1.7,0.4,1.1,2.2,0.487,0.536,0.3,0.3,0.9,0.5,1.7,2.2,0.5,0.3,0.3,0.5,1,4.5,1701593
"233","Keldon Johnson\johnske04",259,"SF",21,"SAS",69,67,28.5,4.9,10.2,0.479,0.9,2.6,0.331,4,7.6,0.531,0.522,2.1,2.8,0.74,1.3,4.6,6,1.8,0.6,0.3,1.1,2.1,12.8,2145720
"234","Kelly Olynyk\olynyke01",386,"C-PF",29,"TOT",70,62,28.5,4.8,10,0.484,1.8,5.3,0.342,3,4.7,0.641,0.574,2.1,2.5,0.829,1.2,5.7,7,2.9,1.1,0.6,1.8,3,13.5,12195122
"235","Kelly Oubre Jr.\oubreke01",390,"SF",25,"GSW",55,50,30.7,5.8,13.2,0.439,1.6,5.2,0.316,4.1,8,0.519,0.501,2.2,3.2,0.695,1.5,4.5,6,1.3,1,0.8,1.3,2.2,15.4,12000000
"236","Kemba Walker\walkeke02",507,"PG",30,"BOS",43,43,31.8,6.6,15.7,0.42,3,8.2,0.36,3.7,7.5,0.486,0.514,3.1,3.5,0.899,0.4,3.6,4,4.9,1.1,0.3,2,1.4,19.3,8729020
"238","Kendrick Nunn\nunnke01",371,"PG",25,"MIA",56,44,29.5,5.7,11.8,0.485,2.2,5.7,0.381,3.5,6,0.583,0.578,1,1.1,0.933,0.4,2.8,3.2,2.6,0.9,0.3,1.4,1.9,14.6,5000000
"239","Kenrich Williams\willike04",524,"PF",26,"OKC",66,13,21.6,3.3,6.2,0.533,0.8,1.8,0.444,2.5,4.5,0.568,0.596,0.5,1,0.571,1.3,2.9,4.1,2.3,0.8,0.3,1.2,2.2,8,2000000
"240","Kent Bazemore\bazemke01",36,"SF",31,"GSW",67,18,19.9,2.6,5.9,0.449,1.1,2.7,0.408,1.5,3.1,0.486,0.545,0.8,1.2,0.692,0.4,3,3.4,1.6,1,0.5,1.2,2.4,7.2,2401537
"241","Kentavious Caldwell-Pope\caldwke01",87,"SG",27,"LAL",67,67,28.4,3.3,7.6,0.431,1.8,4.4,0.41,1.5,3.2,0.46,0.549,1.4,1.7,0.866,0.4,2.3,2.7,1.9,0.9,0.4,1,1.7,9.7,13038862
"242","Kenyon Martin Jr.\martike04",320,"SF",20,"HOU",45,8,23.7,3.6,7.1,0.509,0.8,2.1,0.365,2.8,4.9,0.572,0.564,1.3,1.9,0.714,1.6,3.8,5.4,1.1,0.7,0.9,0.8,2,9.3,1517981
"243","Kevin Durant\duranke01",140,"PF",32,"BRK",35,32,33.1,9.3,17.2,0.537,2.4,5.4,0.45,6.8,11.8,0.577,0.608,6,6.8,0.882,0.4,6.7,7.1,5.6,0.7,1.3,3.4,2,26.9,40918900
"244","Kevin Huerter\huertke01",234,"SG",22,"ATL",69,49,30.8,4.6,10.6,0.432,2,5.6,0.363,2.6,5,0.51,0.528,0.7,0.9,0.781,0.6,2.8,3.3,3.5,1.2,0.3,1.1,2.4,11.9,4253357
"245","Kevin Knox\knoxke01",277,"SF",21,"NYK",42,0,11,1.3,3.4,0.392,0.8,2.1,0.393,0.5,1.3,0.389,0.514,0.4,0.5,0.8,0.2,1.2,1.5,0.5,0.3,0.1,0.4,0.9,3.9,5845978
"246","Kevin Love\loveke01",303,"PF",32,"CLE",25,25,24.9,4.1,10.1,0.409,2.3,6.2,0.365,1.8,3.8,0.479,0.522,1.7,2,0.824,0.7,6.8,7.4,2.5,0.6,0.1,1.5,1,12.2,31300000
"247","Kevin Porter Jr.\porteke02",409,"SG",20,"HOU",26,23,32.1,6,14.1,0.425,1.9,6.2,0.311,4.1,7.9,0.515,0.493,2.7,3.6,0.734,0.8,3,3.8,6.3,0.7,0.3,3.5,2.3,16.6,2130240
"248","Kevon Looney\looneke01",299,"C",24,"GSW",61,34,19,1.8,3.2,0.548,0.1,0.3,0.235,1.7,3,0.578,0.558,0.5,0.8,0.646,1.9,3.4,5.3,2,0.3,0.4,0.6,2.2,4.1,5178572
"249","Khem Birch\birchkh01",46,"C",28,"TOT",67,22,22.8,2.8,5.7,0.497,0.2,0.8,0.25,2.6,4.9,0.537,0.514,1.4,1.9,0.705,2.6,3.2,5.8,1.3,0.7,0.7,0.7,1.7,7.2,6350000
"250","Khris Middleton\middlkh01",343,"SF",29,"MIL",68,68,33.4,7.5,15.8,0.476,2.2,5.4,0.414,5.3,10.4,0.508,0.546,3.1,3.5,0.898,0.8,5.2,6,5.4,1.1,0.1,2.6,2.4,20.4,35500000
"252","Killian Hayes\hayeski01",213,"PG",19,"DET",26,18,25.8,2.7,7.7,0.353,0.8,2.8,0.278,2,5,0.395,0.403,0.5,0.7,0.824,0.2,2.4,2.7,5.3,1,0.4,3.2,2.2,6.8,5572680
"253","Kira Lewis Jr.\lewiski01",296,"PG",19,"NOP",54,0,16.7,2.4,6.2,0.386,0.7,2.2,0.333,1.7,4,0.415,0.445,0.8,0.9,0.843,0.2,1.1,1.3,2.3,0.7,0.2,0.6,1.6,6.4,3822240
"254","Kris Dunn\dunnkr01",139,"PG",26,"ATL",4,0,11.3,0.3,3,0.083,0,0.5,0,0.3,2.5,0.1,0.083,0.8,1,0.75,0,1.5,1.5,0.5,0.5,0.5,0.8,2.5,1.3,5005350
"255","Kyle Anderson\anderky01",11,"PF",27,"MEM",69,69,27.3,4.5,9.5,0.468,1.4,3.8,0.36,3.1,5.8,0.539,0.54,2.1,2.7,0.783,0.8,5,5.7,3.6,1.2,0.8,1.2,1.7,12.4,9937150
"256","Kyle Guy\guyky01",192,"PG",23,"SAC",31,0,7.6,0.9,2.8,0.33,0.4,1.5,0.283,0.5,1.4,0.381,0.403,0.5,0.6,0.8,0.2,1,1.1,1,0.2,0,0.4,0.6,2.8,1669178
"257","Kyle Kuzma\kuzmaky01",282,"SF",25,"LAL",68,32,28.7,4.9,11.1,0.443,2,5.6,0.361,2.9,5.5,0.525,0.533,1,1.4,0.691,1.6,4.5,6.1,1.9,0.5,0.6,1.7,1.8,12.9,13000000
"258","Kyle Lowry\lowryky01",304,"PG",34,"TOR",46,46,34.8,5.7,13,0.436,2.8,7.2,0.396,2.8,5.8,0.487,0.546,3,3.5,0.875,0.8,4.6,5.4,7.3,1,0.3,2.7,3.1,17.2,26984128
"259","Kyrie Irving\irvinky01",243,"PG",28,"BRK",54,54,34.9,10.2,20.1,0.506,2.8,7,0.402,7.4,13.1,0.561,0.576,3.7,4,0.922,1,3.8,4.8,6,1.4,0.7,2.4,2.6,26.9,34916200
"260","KZ Okpala\okpalkz01",383,"PF",21,"MIA",37,9,12.1,1,2.6,0.375,0.3,1.4,0.24,0.6,1.2,0.522,0.438,0.2,0.4,0.533,0.6,1.3,1.8,0.5,0.3,0.3,0.4,1.6,2.5,1782621
"261","Lamar Stevens\stevela01",468,"PF",23,"CLE",40,0,12.5,1.6,3.4,0.456,0.1,0.6,0.16,1.5,2.8,0.523,0.471,0.9,1.3,0.725,0.6,1.8,2.4,0.6,0.4,0.3,0.6,1.3,4.1,1517981
"262","LaMarcus Aldridge\aldrila01",5,"C",35,"TOT",26,23,25.9,5.4,11.4,0.473,1.2,3.1,0.388,4.2,8.3,0.505,0.525,1.6,1.8,0.872,0.7,3.8,4.5,1.9,0.4,1.1,1,1.8,13.5,2641691
"263","LaMelo Ball\ballla01",26,"PG",19,"CHO",51,31,28.8,5.7,13.2,0.436,1.8,5.1,0.352,3.9,8.1,0.489,0.504,2.5,3.2,0.758,1.2,4.7,5.9,6.1,1.6,0.4,2.8,2.7,15.7,8231760
"264","Landry Shamet\shamela01",453,"SG",23,"BRK",61,12,23,3,7.5,0.408,2.1,5.5,0.387,0.9,2,0.463,0.549,1.1,1.3,0.846,0.2,1.7,1.8,1.6,0.5,0.2,0.8,1.5,9.3,3768342
"265","Langston Galloway\gallola01",169,"SG",29,"PHO",40,0,11,1.7,3.7,0.449,0.9,2.1,0.424,0.8,1.6,0.484,0.571,0.6,0.6,0.957,0.2,0.9,1.1,0.7,0.2,0,0.3,0.6,4.8,2239544
"266","Larry Nance Jr.\nancela02",363,"PF",28,"CLE",35,27,31.2,3.7,7.8,0.471,1.2,3.3,0.36,2.5,4.5,0.551,0.546,0.9,1.4,0.612,1.5,5.2,6.7,3.1,1.7,0.5,1.6,2.1,9.3,10690909
"267","Lauri Markkanen\markkla01",314,"PF",23,"CHI",51,26,25.8,4.9,10.2,0.48,2.3,5.8,0.402,2.6,4.4,0.582,0.594,1.5,1.8,0.826,0.7,4.6,5.3,0.9,0.5,0.3,1,1.5,13.6,15690909
"268","LeBron James\jamesle01",251,"PG",36,"LAL",45,45,33.4,9.4,18.3,0.513,2.3,6.3,0.365,7.1,12,0.591,0.576,4,5.7,0.698,0.6,7,7.7,7.8,1.1,0.6,3.7,1.6,25,41180544
"269","Lonnie Walker\walkelo01",508,"SG",22,"SAS",60,38,25.4,4.3,10.2,0.42,1.7,4.7,0.355,2.6,5.5,0.477,0.502,1,1.2,0.814,0.2,2.4,2.6,1.7,0.5,0.3,1.1,1.7,11.2,4447896
"270","Lonzo Ball\balllo01",27,"PG",23,"NOP",55,55,31.8,5.3,12.7,0.414,3.1,8.3,0.378,2.1,4.5,0.482,0.537,0.9,1.2,0.781,0.6,4.2,4.8,5.7,1.5,0.6,2.2,1.9,14.6,19767442
"271","Lou Williams\willilo02",525,"PG",34,"TOT",66,4,21.6,4,9.8,0.41,1,2.6,0.399,3,7.2,0.414,0.464,2.3,2.6,0.867,0.3,1.8,2.1,3.4,0.7,0.1,1.6,0.9,11.3,5000000
"272","Luguentz Dort\dortlu01",131,"SG",21,"OKC",52,52,29.7,4.8,12.3,0.387,2.2,6.3,0.343,2.6,6,0.432,0.475,2.3,3.2,0.744,0.7,2.9,3.6,1.7,0.9,0.4,1.5,2.6,14,1782621
"273","Luke Kennard\kennalu01",273,"SG",24,"LAC",63,17,19.6,3.1,6.6,0.476,1.6,3.6,0.446,1.5,3,0.511,0.597,0.4,0.5,0.839,0.2,2.3,2.6,1.7,0.4,0.1,0.8,1.4,8.3,12727273
"274","Malachi Flynn\flynnma01",158,"PG",22,"TOR",47,14,19.7,2.7,7.2,0.374,1.1,3.6,0.321,1.6,3.7,0.424,0.453,1,1.2,0.804,0.2,2.3,2.5,2.9,0.8,0.1,0.9,1.4,7.5,2048040
"275","Malcolm Brogdon\brogdma01",69,"PG",28,"IND",56,56,34.5,7.9,17.5,0.453,2.6,6.7,0.388,5.3,10.8,0.493,0.527,2.7,3.2,0.864,1,4.2,5.3,5.9,0.9,0.3,2.1,2,21.2,21700000
"276","Malik Beasley\beaslma01",39,"SG",24,"MIN",37,36,32.8,7.1,16.2,0.44,3.5,8.7,0.399,3.7,7.5,0.487,0.547,1.8,2.2,0.85,0.8,3.6,4.4,2.4,0.8,0.2,1.6,1.7,19.6,14391964
"277","Malik Fitts\fittsma01",157,"PF",23,"LAC",3,0,3.7,0.3,1,0.333,0.3,0.7,0.5,0,0.3,0,0.5,0,0,NA,0,1,1,0,0,0,0,1,1,1489065
"278","Malik Monk\monkma01",350,"SG",22,"CHO",42,0,20.9,4.1,9.5,0.434,2,5,0.401,2.1,4.5,0.471,0.54,1.4,1.7,0.819,0.3,2.1,2.4,2.1,0.5,0.1,1.3,1.1,11.7,1789256
"279","Mamadi Diakite\diakima01",125,"PF",24,"MIL",14,1,10.1,1.1,2.9,0.4,0.1,0.6,0.125,1.1,2.3,0.469,0.413,0.8,1,0.786,0.6,1.9,2.4,0.6,0.5,0.4,0.2,1.1,3.1,1517981
"280","Marcus Morris\morrima03",354,"PF",31,"LAC",57,29,26.4,4.8,10.2,0.473,2.5,5.2,0.473,2.4,5.1,0.472,0.592,1.3,1.6,0.82,0.6,3.5,4.1,1,0.6,0.3,1,2.1,13.4,15627907
"281","Marcus Smart\smartma01",461,"PG",26,"BOS",48,45,32.9,4.2,10.6,0.398,1.9,5.9,0.33,2.3,4.8,0.482,0.489,2.7,3.4,0.79,0.8,2.7,3.5,5.7,1.5,0.5,2,2.6,13.1,14339285
"282","Markelle Fultz\fultzma01",165,"PG",22,"ORL",8,8,26.9,5.1,13,0.394,0.5,2,0.25,4.6,11,0.42,0.413,2.1,2.4,0.895,0.6,2.5,3.1,5.4,1,0.3,2.3,2.3,12.9,16500000
"283","Markieff Morris\morrima02",355,"PF",31,"LAL",61,27,19.7,2.5,6.2,0.405,1.1,3.4,0.311,1.4,2.8,0.521,0.491,0.6,0.8,0.72,0.8,3.6,4.4,1.2,0.4,0.3,0.9,1.7,6.7,2641691
"284","Marques Bolden\boldema01",55,"C",22,"CLE",6,0,4.8,0.2,0.5,0.333,0,0,NA,0.2,0.5,0.333,0.333,0.8,1.3,0.625,0.5,0.5,1,0,0.3,0.3,0.3,0,1.2,1489065
"285","Marquese Chriss\chrisma01",99,"PF",23,"GSW",2,0,13.5,2.5,7,0.357,0.5,2.5,0.2,2,4.5,0.444,0.393,1,2,0.5,1.5,5,6.5,1,0,1,1,1.5,6.5,1789256
"286","Marvin Bagley III\baglema01",25,"PF",21,"SAC",43,42,25.9,5.7,11.4,0.504,0.9,2.5,0.343,4.9,8.9,0.55,0.542,1.8,3.1,0.575,2.5,4.9,7.4,1,0.5,0.5,1.4,2.3,14.1,11312114
"287","Mason Plumlee\plumlma01",403,"C",30,"DET",56,56,26.8,4.2,6.8,0.614,0,0.1,0,4.2,6.7,0.626,0.614,2,3,0.669,2.6,6.7,9.3,3.6,0.8,0.9,1.9,3.3,10.4,8137500
"288","Matisse Thybulle\thybuma01",484,"SG",23,"PHI",65,8,20,1.6,3.7,0.42,0.7,2.2,0.301,0.9,1.5,0.59,0.508,0.1,0.3,0.444,0.5,1.4,1.9,1,1.6,1.1,0.5,2,3.9,2840160
"289","Matt Thomas\thomama02",481,"SG",26,"TOT",45,0,7.2,1.1,2.8,0.394,0.6,1.8,0.338,0.5,1,0.489,0.5,0.3,0.3,0.857,0.2,0.8,1,0.4,0.1,0,0.3,0.4,3.1,1669178
"290","Maurice Harkless\harklma01",201,"PF-SF",27,"TOT",37,23,20.9,1.9,4.5,0.418,0.6,2.3,0.274,1.2,2.2,0.568,0.488,0.9,1.2,0.767,0.4,2.1,2.4,1.2,0.8,0.5,0.6,2.3,5.2,4347600
"291","Max Strus\strusma01",470,"SF",24,"MIA",39,0,13,2.2,4.8,0.455,1.3,3.8,0.338,0.9,1,0.897,0.588,0.4,0.6,0.667,0.1,0.9,1.1,0.6,0.3,0.1,0.2,1.1,6.1,1669178
"292","Maxi Kleber\klebima01",275,"PF",29,"DAL",50,40,26.8,2.3,5.5,0.422,1.7,4.2,0.41,0.6,1.3,0.46,0.58,0.7,0.7,0.919,0.9,4.3,5.2,1.4,0.5,0.7,0.6,2.1,7.1,8750000
"293","Mfiondu Kabengele\kabenmf01",270,"PF",23,"TOT",39,0,7.2,0.8,2.3,0.371,0.3,1.3,0.26,0.5,1,0.513,0.444,0.4,0.5,0.8,0.3,1.2,1.5,0.4,0.2,0.3,0.4,0.9,2.4,1701593
"294","Michael Carter-Williams\cartemi01",95,"SG",29,"ORL",31,25,25.8,3.4,8.7,0.389,0.5,2,0.246,2.9,6.7,0.431,0.417,1.6,2.6,0.613,1.3,3.2,4.5,4.2,0.8,0.5,2.2,2.6,8.8,3000000
"295","Michael Porter Jr.\portemi01",410,"SF",22,"DEN",61,54,31.3,7.3,13.4,0.542,2.8,6.3,0.445,4.5,7.1,0.628,0.646,1.7,2.2,0.791,1.5,5.8,7.3,1.1,0.7,0.9,1.3,2.1,19,5258735
"296","Mikal Bridges\bridgmi01",65,"SF",24,"PHO",72,72,32.6,5,9.3,0.543,1.9,4.4,0.425,3.2,4.9,0.647,0.643,1.5,1.8,0.84,1.1,3.2,4.3,2.1,1.1,0.9,0.8,1.6,13.5,5557725
"297","Mike Conley\conlemi01",106,"PG",33,"UTA",51,51,29.4,5.6,12.5,0.444,2.7,6.6,0.412,2.9,6,0.479,0.552,2.4,2.8,0.852,0.7,2.8,3.5,6,1.4,0.2,1.9,1.9,16.2,21000000
"298","Mike Muscala\muscami01",360,"C",29,"OKC",35,0,18.4,3.4,7.6,0.446,1.9,5.3,0.37,1.5,2.4,0.614,0.573,0.9,1,0.917,0.5,3.2,3.8,0.8,0.2,0.3,0.6,1.5,9.7,3500000
"299","Miles Bridges\bridgmi02",66,"PF",22,"CHO",66,19,29.3,4.7,9.4,0.503,1.8,4.4,0.4,3,5,0.593,0.596,1.5,1.7,0.867,1.2,4.8,6,2.2,0.7,0.8,1.6,2.2,12.7,5421493
"300","Mitchell Robinson\robinmi01",436,"C",22,"NYK",31,29,27.5,3.7,5.7,0.653,0,0,NA,3.7,5.7,0.653,0.653,0.8,1.7,0.491,3.6,4.5,8.1,0.5,1.1,1.5,0.8,2.8,8.3,1802057
"301","Miye Oni\onimi01",387,"SG",23,"UTA",54,0,9.6,0.6,1.8,0.354,0.6,1.6,0.341,0.1,0.2,0.455,0.505,0.1,0.1,0.833,0.4,1.1,1.6,0.5,0.2,0.1,0.3,1.1,1.9,1782621
"302","Mo Bamba\bambamo01",28,"C",22,"ORL",46,5,15.8,3.1,6.5,0.472,0.8,2.6,0.322,2.3,4,0.568,0.535,1,1.4,0.682,1.7,4.1,5.8,0.8,0.3,1.3,0.8,1.9,8,7568742
"303","Monte Morris\morrimo01",356,"PG",25,"DEN",47,13,25.4,4,8.2,0.481,1.1,2.9,0.381,2.9,5.4,0.534,0.547,1.2,1.6,0.795,0.2,1.8,2,3.2,0.7,0.3,0.7,1,10.2,8333333
"304","Montrezl Harrell\harremo01",203,"C",27,"LAL",69,1,22.9,5.4,8.7,0.622,0,0.1,0,5.4,8.6,0.632,0.622,2.6,3.7,0.707,2.3,3.9,6.2,1.1,0.7,0.7,1.1,1.9,13.5,9720900
"305","Moritz Wagner\wagnemo01",506,"C",23,"TOT",45,24,16,2.3,5.1,0.454,0.7,2,0.341,1.6,3.1,0.529,0.522,1.6,1.9,0.816,0.6,2.6,3.2,1.1,0.6,0.4,1,2.4,6.9,1729217
"306","Moses Brown\brownmo01",75,"C",21,"OKC",43,32,21.4,3.4,6.2,0.545,0,0,NA,3.4,6.2,0.545,0.545,1.8,2.9,0.619,3.6,5.3,8.9,0.2,0.7,1.1,1,2.2,8.6,1701593
"307","Mychal Mulder\muldemy01",357,"PG",26,"GSW",60,6,12.8,2,4.4,0.449,1.4,3.6,0.397,0.6,0.9,0.667,0.609,0.2,0.4,0.636,0.1,0.9,1,0.4,0.2,0.2,0.3,0.9,5.6,1782621
"308","Myles Turner\turnemy01",495,"C",24,"IND",47,47,31,4.4,9.2,0.477,1.5,4.4,0.335,2.9,4.8,0.606,0.557,2.4,3,0.782,1.3,5.2,6.5,1,0.9,3.4,1.4,3.5,12.6,18000000
"309","Naji Marshall\marshna01",315,"SF",23,"NOP",32,10,21.9,2.6,6.5,0.392,0.9,2.6,0.349,1.7,3.9,0.421,0.462,1.7,2.3,0.707,0.5,4.2,4.6,2.8,0.8,0.3,1.2,1.8,7.7,1517981
"310","Nassir Little\littlna01",298,"PF",20,"POR",48,2,13.3,1.6,3.5,0.467,0.6,1.7,0.35,1,1.8,0.575,0.551,0.8,0.9,0.8,0.7,2,2.7,0.5,0.1,0.3,0.4,1.1,4.6,2316240
"311","Nate Hinton\hintona01",221,"SG",21,"DAL",21,0,4.4,0.7,2,0.357,0.2,0.9,0.211,0.5,1.1,0.478,0.405,0.3,0.5,0.7,0,0.4,0.4,0.4,0.3,0.1,0.2,0.4,2,1489065
"312","Naz Reid\reidna01",425,"C",21,"MIN",70,15,19.2,4.3,8.3,0.523,0.9,2.5,0.351,3.5,5.8,0.597,0.576,1.6,2.4,0.693,1.2,3.4,4.6,1,0.5,1.1,1,2.6,11.2,1782621
"313","Nemanja Bjelica\bjeline01",49,"PF",32,"TOT",37,3,16.1,2.4,5.3,0.454,0.7,2.3,0.318,1.7,3,0.559,0.523,1,1.4,0.725,0.8,2.6,3.4,1.9,0.4,0.1,0.9,1.8,6.5,2089448
"314","Nerlens Noel\noelne01",368,"C",26,"NYK",64,41,24.2,2.1,3.5,0.614,0,0,0,2.1,3.4,0.623,0.614,0.8,1.1,0.714,2.2,4.2,6.4,0.7,1.1,2.2,1,2.8,5.1,8800000
"315","Nickeil Alexander-Walker\alexani01",7,"SG",22,"NOP",46,13,21.9,4.2,10,0.419,1.7,4.8,0.347,2.5,5.2,0.485,0.502,1,1.4,0.727,0.3,2.8,3.1,2.2,1,0.5,1.5,1.9,11,3261480
"316","Nicolas Batum\batumni01",34,"SF",32,"LAC",67,38,27.4,2.9,6.1,0.464,1.6,4.1,0.404,1.2,2.1,0.579,0.597,0.7,0.9,0.828,0.7,4,4.7,2.2,1,0.6,0.8,1.5,8.1,12213507
"318","Nicolas Claxton\claxtni01",103,"C",21,"BRK",32,1,18.6,2.8,4.5,0.621,0,0.2,0.2,2.8,4.4,0.636,0.624,1,2,0.484,1.3,3.8,5.2,0.9,0.7,1.3,0.6,2.1,6.6,1782621
"319","Norman Powell\powelno01",415,"SG-SF",27,"TOT",69,58,32,6.3,13.3,0.477,2.5,6,0.411,3.9,7.3,0.532,0.57,3.4,3.9,0.871,0.6,2.5,3.1,1.9,1.2,0.3,1.7,2.3,18.6,15517242
"320","Obi Toppin\toppiob01",488,"PF",22,"NYK",62,0,11,1.7,3.4,0.498,0.4,1.4,0.306,1.3,2,0.629,0.56,0.3,0.4,0.731,0.4,1.8,2.2,0.5,0.3,0.2,0.4,0.9,4.1,5105160
"321","OG Anunoby\anunoog01",17,"SF",23,"TOR",43,43,33.3,5.8,12.1,0.48,2.4,6.1,0.398,3.4,6,0.562,0.58,1.9,2.4,0.784,1.3,4.3,5.5,2.2,1.5,0.7,1.7,2.7,15.9,16071429
"322","Onyeka Okongwu\okongon01",381,"C",20,"ATL",50,4,12,1.9,3,0.644,0,0.1,0,1.9,2.9,0.658,0.644,0.7,1.1,0.632,1.2,2,3.3,0.4,0.5,0.7,0.6,2,4.6,6104280
"323","Oshae Brissett\brissos01",68,"SF",22,"IND",21,16,24.7,3.5,7.2,0.483,1.6,3.7,0.423,1.9,3.5,0.548,0.593,2.4,3.1,0.769,1.4,4.1,5.5,0.9,0.9,1,0.5,1.5,10.9,1701593
"324","Otto Porter\porteot01",411,"SF-PF",27,"TOT",28,6,21.6,3.5,8.1,0.432,1.4,3.7,0.375,2.1,4.4,0.48,0.518,1.3,1.5,0.857,1,4.4,5.4,2,0.6,0.1,0.9,1.5,9.7,2389641
"325","P.J. Tucker\tuckepj01",493,"PF",35,"TOT",52,33,26.1,1.3,3.4,0.373,0.8,2.3,0.336,0.5,1.1,0.448,0.486,0.4,0.5,0.75,1,2.9,3.9,1.2,0.8,0.4,0.8,2.4,3.7,7000000
"326","P.J. Washington\washipj01",512,"PF",22,"CHO",64,61,30.5,4.7,10.7,0.44,1.8,4.5,0.386,3,6.2,0.48,0.522,1.7,2.3,0.745,1.5,5.1,6.5,2.5,1.1,1.2,2,2.7,12.9,4215120
"327","Pascal Siakam\siakapa01",455,"PF",26,"TOR",56,56,35.8,7.8,17.2,0.455,1.3,4.4,0.297,6.5,12.8,0.509,0.493,4.4,5.4,0.827,1.7,5.5,7.2,4.5,1.1,0.7,2.3,3.1,21.4,31320000
"328","Pat Connaughton\connapa01",107,"SG",28,"MIL",69,4,22.8,2.4,5.6,0.434,1.5,3.9,0.371,1,1.7,0.583,0.565,0.4,0.6,0.775,0.9,3.9,4.8,1.2,0.7,0.3,0.5,1.4,6.8,5333333
"329","Patrick Beverley\beverpa01",43,"PG",32,"LAC",37,34,22.5,2.5,5.9,0.423,1.5,3.8,0.397,1,2.1,0.468,0.55,1,1.2,0.8,0.8,2.4,3.2,2.1,0.8,0.8,0.9,2.9,7.5,14320988
"330","Patrick Patterson\pattepa01",394,"PF",31,"LAC",38,5,15.3,1.9,4.3,0.436,1.1,2.9,0.357,0.8,1.4,0.604,0.558,0.3,0.4,0.765,0.5,1.5,2,0.8,0.4,0.2,0.3,1.2,5.2,3378757
"332","Patrick Williams\willipa01",526,"PF",19,"CHI",71,71,27.9,3.6,7.4,0.483,0.8,1.9,0.391,2.8,5.5,0.515,0.534,1.3,1.8,0.728,0.9,3.7,4.6,1.4,0.9,0.6,1.4,1.8,9.2,7422000
"333","Patty Mills\millspa02",345,"PG",32,"SAS",68,1,24.8,3.7,9,0.412,2.4,6.3,0.375,1.3,2.7,0.5,0.544,1,1.1,0.91,0.3,1.4,1.7,2.4,0.6,0,1,1.2,10.8,5890000
"334","Paul George\georgpa01",173,"SF",30,"LAC",54,54,33.7,8.2,17.6,0.467,3.2,7.7,0.411,5.1,9.9,0.51,0.557,3.7,4.2,0.868,0.8,5.8,6.6,5.2,1.1,0.4,3.3,2.4,23.3,39344970
"335","Paul Millsap\millspa01",346,"PF",35,"DEN",56,36,20.8,3.4,7.2,0.476,0.9,2.6,0.343,2.5,4.6,0.55,0.537,1.3,1.8,0.724,1.4,3.3,4.7,1.8,0.9,0.6,0.9,2,9,2641691
"336","Paul Reed\reedpa01",424,"PF",21,"PHI",26,0,6.8,1.6,3,0.538,0,0.2,0,1.6,2.8,0.583,0.538,0.2,0.3,0.5,1.2,1.2,2.3,0.5,0.4,0.5,0.5,1.1,3.4,1517981
"337","Payton Pritchard\pritcpa01",417,"SG",23,"BOS",66,4,19.2,2.8,6.3,0.44,1.5,3.8,0.411,1.2,2.6,0.482,0.562,0.6,0.7,0.889,0.5,1.9,2.4,1.8,0.6,0.1,0.8,1.6,7.7,2137440
"338","Precious Achiuwa\achiupr01",1,"PF",21,"MIA",61,4,12.1,2,3.7,0.544,0,0,0,2,3.7,0.546,0.544,0.9,1.8,0.509,1.2,2.2,3.4,0.5,0.3,0.5,0.7,1.5,5,2711280
"339","Quinn Cook\cookqu01",108,"PG",27,"TOT",23,0,6.8,1.3,3,0.426,0.5,1.1,0.423,0.8,1.8,0.429,0.507,0.3,0.3,0.875,0.1,0.7,0.7,0.8,0.2,0,0.3,0.4,3.3,1939350
"340","R.J. Hampton\hamptrj01",198,"SG-PG",19,"TOT",51,1,17.4,2.7,6.1,0.435,0.5,1.7,0.31,2.1,4.4,0.482,0.478,1.1,1.6,0.671,0.6,2.9,3.5,1.7,0.4,0.2,1,1.2,6.9,2303040
"341","Rajon Rondo\rondora01",438,"PG",34,"TOT",45,3,17.1,2.1,4.8,0.442,0.8,2,0.404,1.3,2.8,0.468,0.526,0.4,0.4,0.941,0.4,2,2.4,4.4,0.8,0.1,1.8,1.2,5.4,2641691
"343","Raul Neto\netora01",365,"PG",28,"WAS",64,22,21.9,3.3,7,0.468,1,2.6,0.39,2.3,4.4,0.512,0.539,1.2,1.3,0.882,0.4,2,2.4,2.3,1.1,0.1,0.8,1.7,8.7,2089448
"344","Reggie Bullock\bullore01",81,"SF",29,"NYK",65,64,30,3.8,8.6,0.442,2.5,6.1,0.41,1.3,2.5,0.521,0.587,0.8,0.8,0.909,0.2,3.2,3.4,1.5,0.8,0.2,0.7,2.2,10.9,9536000
"345","Reggie Jackson\jacksre01",249,"SG",30,"LAC",67,43,23,3.9,8.7,0.45,1.8,4.2,0.433,2.1,4.5,0.465,0.554,1,1.2,0.817,0.4,2.5,2.9,3.1,0.6,0.1,1.1,1.9,10.7,10384500
"346","Reggie Perry\perryre01",401,"PF",20,"BRK",26,0,8.1,1.2,3,0.41,0.2,0.8,0.19,1.1,2.2,0.491,0.436,0.4,0.5,0.769,1,1.8,2.8,0.5,0.2,0.2,0.6,1.5,3,1489065
"347","Richaun Holmes\holmeri01",227,"C",27,"SAC",61,61,29.2,6,9.4,0.637,0,0.2,0.182,6,9.2,0.645,0.638,2.2,2.8,0.794,2.4,5.9,8.3,1.7,0.6,1.6,1.2,3.5,14.2,10384500
"348","Ricky Rubio\rubiori01",442,"PG",30,"MIN",68,51,26.1,2.8,7.3,0.388,1,3.1,0.308,1.9,4.2,0.447,0.454,1.9,2.2,0.867,0.4,2.9,3.3,6.4,1.4,0.1,1.6,2,8.6,17809524
"349","RJ Barrett\barrerj01",31,"SG",20,"NYK",72,72,34.9,6.5,14.7,0.441,1.7,4.3,0.401,4.8,10.4,0.457,0.499,2.9,3.8,0.746,0.9,4.8,5.8,3,0.7,0.3,1.9,2.6,17.6,8623920
"350","Robert Covington\covinro01",111,"PF",30,"POR",70,70,32,2.9,7.3,0.401,1.9,5.1,0.379,1,2.2,0.451,0.533,0.7,0.9,0.806,0.9,5.8,6.7,1.7,1.4,1.2,0.9,2.8,8.5,12975471
"351","Robert Williams\williro04",527,"C",23,"BOS",52,13,18.9,3.6,5,0.721,0,0,0,3.6,4.9,0.727,0.721,0.9,1.4,0.616,2.6,4.3,6.9,1.8,0.8,1.8,1,2,8,3661976
"352","Robert Woodard\woodaro01",535,"SF",21,"SAC",13,0,3.5,0.6,1.5,0.4,0.1,0.5,0.167,0.5,1.1,0.5,0.425,0.2,0.6,0.375,0.3,0.9,1.2,0.2,0,0.2,0.1,0.3,1.5,1517981
"353","Robin Lopez\lopezro01",301,"C",32,"WAS",71,9,19.1,3.8,6,0.633,0.1,0.3,0.278,3.7,5.7,0.649,0.639,1.4,1.9,0.723,2,1.8,3.8,0.8,0.2,0.6,1.1,1.5,9,5000000
"354","Rodney Hood\hoodro01",228,"SF",28,"TOT",55,5,17.1,1.7,4.7,0.362,0.6,2.1,0.301,1.1,2.7,0.408,0.427,0.4,0.5,0.857,0.4,1.5,1.9,1,0.4,0.1,0.7,1.3,4.5,2239544
"355","Rodney McGruder\mcgruro01",335,"SG",29,"DET",16,2,12.1,2.3,4.4,0.529,0.7,1.5,0.458,1.6,2.9,0.565,0.607,0.4,0.5,0.75,0.5,0.9,1.4,1,0.5,0.1,0.4,0.8,5.7,1939350
"356","Romeo Langford\langfro01",285,"SG",21,"BOS",18,4,15.7,1.2,3.3,0.356,0.3,1,0.278,0.9,2.3,0.39,0.398,0.5,0.7,0.75,0.7,1.3,1.9,0.7,0.3,0.3,0.6,1.3,3.1,3804360
"357","Royce O'Neale\onealro01",376,"SF",27,"UTA",71,71,31.6,2.5,5.5,0.444,1.5,3.9,0.385,1,1.6,0.586,0.58,0.5,0.6,0.848,1.2,5.6,6.8,2.5,0.8,0.5,1.2,2.6,7,8678571
"358","Rudy Gay\gayru01",172,"PF",34,"SAS",63,1,21.6,4.2,10,0.42,1.7,4.4,0.381,2.5,5.6,0.451,0.505,1.3,1.6,0.804,0.7,4.1,4.8,1.4,0.7,0.6,1,1.8,11.4,5890000
"359","Rudy Gobert\goberru01",179,"C",28,"UTA",71,71,30.8,5.5,8.2,0.675,0,0.1,0,5.5,8.1,0.68,0.675,3.3,5.3,0.623,3.4,10.1,13.5,1.3,0.6,2.7,1.7,2.3,14.3,35344828
"360","Rui Hachimura\hachiru01",193,"PF",22,"WAS",57,57,31.5,5.4,11.4,0.478,0.8,2.4,0.328,4.6,9,0.519,0.513,2.2,2.8,0.77,0.9,4.6,5.5,1.4,0.8,0.1,1.2,2.1,13.8,4916160
"361","Russell Westbrook\westbru01",517,"PG",32,"WAS",65,65,36.4,8.4,19,0.439,1.3,4.2,0.315,7,14.8,0.475,0.474,4.2,6.4,0.656,1.7,9.9,11.5,11.7,1.4,0.4,4.8,2.9,22.2,44211146
"362","Ryan Arcidiacono\arcidry01",18,"PG",26,"CHI",44,0,10.2,1.1,2.7,0.419,0.6,1.5,0.373,0.5,1.1,0.48,0.526,0.3,0.5,0.65,0.1,1.4,1.5,1.3,0.2,0,0.2,1.1,3.1,4789256
"364","Saben Lee\leesa01",291,"PG",21,"DET",48,7,16.3,2.1,4.4,0.471,0.2,0.5,0.348,1.9,3.9,0.487,0.49,1.3,1.9,0.685,0.4,1.6,2,3.6,0.7,0.3,1.1,1.6,5.6,1489065
"365","Saddiq Bey\beysa01",44,"SF",21,"DET",70,53,27.3,4,9.9,0.404,2.5,6.6,0.38,1.5,3.3,0.45,0.53,1.8,2.1,0.844,0.6,3.9,4.5,1.4,0.7,0.2,0.9,1.6,12.2,2824320
"366","Sam Merrill\merrisa01",341,"SG",24,"MIL",30,2,7.8,1.1,2.4,0.444,0.7,1.6,0.447,0.4,0.8,0.44,0.59,0.1,0.1,1,0.2,0.8,1,0.7,0.3,0,0.3,0.6,3,1517981
"367","Sean McDermott\mcderse01",333,"SF",24,"MEM",18,0,8.8,0.7,1.8,0.394,0.3,1.2,0.227,0.4,0.6,0.727,0.47,0.4,0.4,1,0.3,0.7,1.1,0.2,0.1,0.2,0.2,0.4,2.2,1489065
"368","Sekou Doumbouya\doumbse01",134,"PF",20,"DET",56,11,15.5,1.9,5,0.379,0.5,2.1,0.226,1.4,3,0.485,0.426,0.8,1.1,0.703,0.7,1.9,2.6,0.8,0.4,0.2,0.8,1.7,5.1,3613680
"369","Semi Ojeleye\ojelese01",377,"PF",26,"BOS",56,15,17,1.6,3.9,0.403,1,2.8,0.367,0.6,1.1,0.492,0.534,0.4,0.6,0.75,0.6,2.1,2.6,0.7,0.3,0,0.4,1,4.6,1789256
"370","Serge Ibaka\ibakase01",238,"C",31,"LAC",41,39,23.3,4.5,8.9,0.51,1,2.8,0.339,3.6,6.1,0.588,0.563,1,1.3,0.811,1.8,4.9,6.7,1.8,0.2,1.1,1.1,1.9,11.1,9742000
"371","Seth Curry\curryse01",115,"SG",30,"PHI",57,57,28.7,4.5,9.7,0.467,2.2,4.9,0.45,2.3,4.8,0.485,0.582,1.2,1.4,0.896,0.2,2.2,2.4,2.7,0.8,0.1,1.1,1.7,12.5,8186047
"372","Shai Gilgeous-Alexander\gilgesh01",176,"SG",22,"OKC",35,35,33.7,8.2,16.1,0.508,2,4.9,0.418,6.2,11.3,0.547,0.571,5.3,6.5,0.808,0.5,4.2,4.7,5.9,0.8,0.7,3,2,23.7,5495532
"373","Shake Milton\miltosh01",347,"SG",24,"PHI",63,4,23.2,4.8,10.6,0.45,1.1,3.2,0.35,3.6,7.4,0.494,0.503,2.3,2.8,0.83,0.5,1.8,2.3,3.1,0.6,0.3,1.6,2.1,13,1846738
"374","Shaquille Harrison\harrish01",208,"SG",27,"TOT",34,0,9.8,0.8,2.3,0.333,0.1,0.5,0.188,0.7,1.8,0.371,0.353,0.5,0.6,0.818,0.2,1.2,1.4,0.7,0.5,0.1,0.3,1,2.1,1789256
"375","Solomon Hill\hillso01",220,"PF",29,"ATL",71,16,21.3,1.5,4.2,0.359,1,3,0.321,0.5,1.2,0.453,0.473,0.5,0.6,0.761,0.6,2.4,3,1.1,0.7,0.2,0.6,1.6,4.5,2389641
"376","Spencer Dinwiddie\dinwisp01",128,"SG",27,"BRK",3,3,21.3,2,5.3,0.375,0.7,2.3,0.286,1.3,3,0.444,0.438,2,2,1,0,4.3,4.3,3,0.7,0.3,1.7,1.3,6.7,17142857
"377","Stanley Johnson\johnsst04",260,"PF",24,"TOR",61,13,16.5,1.5,3.8,0.382,0.7,2.2,0.328,0.7,1.6,0.458,0.479,0.7,0.9,0.8,0.5,2,2.5,1.5,0.9,0.3,0.9,1.9,4.4,2089448
"378","Stephen Curry\curryst01",116,"PG",32,"GSW",63,63,34.2,10.4,21.7,0.482,5.3,12.7,0.421,5.1,9,0.569,0.605,5.7,6.3,0.916,0.5,5,5.5,5.8,1.2,0.1,3.4,1.9,32,45780966
"379","Sterling Brown\brownst02",76,"SG",25,"HOU",51,14,24.1,2.9,6.6,0.448,1.8,4.2,0.423,1.2,2.4,0.492,0.584,0.5,0.6,0.806,0.7,3.6,4.4,1.4,0.7,0.2,0.8,1.9,8.2,3000000
"380","Steven Adams\adamsst01",3,"C",27,"NOP",58,58,27.7,3.3,5.3,0.614,0,0.1,0,3.3,5.3,0.62,0.614,1,2.3,0.444,3.7,5.2,8.9,1.9,0.9,0.7,1.3,1.9,7.6,17073171
"381","Sviatoslav Mykhailiuk\mykhasv01",361,"SF-SG",23,"TOT",66,14,20.1,3.2,7.7,0.411,1.6,4.8,0.334,1.6,2.9,0.536,0.515,0.6,0.8,0.76,0.4,2.1,2.5,1.7,0.8,0.2,1.3,1,8.5,1729217
"382","T.J. McConnell\mccontj01",329,"PG",28,"IND",69,3,26,4,7.1,0.559,0.2,0.7,0.313,3.8,6.4,0.586,0.574,0.5,0.7,0.688,0.8,2.9,3.7,6.6,1.9,0.3,2,1.6,8.6,7500000
"383","T.J. Warren\warretj01",511,"SF",27,"IND",4,4,29.3,6.8,12.8,0.529,0,1.8,0,6.8,11,0.614,0.529,2,2.5,0.8,0.5,3,3.5,1.3,0.5,0,1,4,15.5,12690000
"384","Tacko Fall\fallta01",150,"C",25,"BOS",19,0,7.2,1.1,1.5,0.724,0,0,NA,1.1,1.5,0.724,0.724,0.3,0.8,0.333,0.8,1.9,2.7,0.2,0.1,1.1,0.3,1.2,2.5,1669178
"385","Taj Gibson\gibsota01",174,"PF",35,"NYK",45,3,20.8,2.2,3.5,0.627,0.1,0.3,0.2,2.1,3.2,0.671,0.636,0.9,1.2,0.727,2.2,3.4,5.6,0.8,0.7,1.1,0.5,2.2,5.4,4910000
"386","Talen Horton-Tucker\hortota01",230,"SG",20,"LAL",65,4,20.1,3.4,7.5,0.458,0.6,2,0.282,2.9,5.5,0.522,0.496,1.5,2,0.775,0.4,2.2,2.6,2.8,1,0.3,1.6,2,9,9500000
"387","Taurean Prince\princta02",416,"PF",26,"TOT",41,10,22.1,3.2,8,0.401,1.5,3.8,0.4,1.7,4.2,0.401,0.495,1.6,1.9,0.855,0.5,3,3.5,1.9,0.7,0.6,1.1,1.8,9.5,15057692
"388","Terance Mann\mannte01",311,"SG",24,"LAC",67,10,18.9,2.7,5.2,0.509,0.6,1.4,0.418,2.1,3.9,0.541,0.563,1.2,1.4,0.83,0.8,2.8,3.6,1.6,0.4,0.2,0.6,1.9,7,1782621
"389","Terence Davis\daviste02",120,"SG",23,"TOT",61,4,17.6,3.2,7.5,0.428,1.6,4.4,0.367,1.6,3.1,0.513,0.535,0.7,0.9,0.818,0.3,2.2,2.5,1.4,0.7,0.2,1,1.6,8.7,4000000
"390","Terrence Ross\rosste01",440,"SG",29,"ORL",46,2,29.3,5.5,13.4,0.412,1.9,5.7,0.337,3.6,7.7,0.469,0.485,2.6,3,0.87,0.3,3.1,3.4,2.3,1,0.5,1.6,1.9,15.6,12500000
"391","Terry Rozier\roziete01",441,"SG",26,"CHO",69,69,34.5,7.4,16.4,0.45,3.2,8.3,0.389,4.2,8.2,0.512,0.548,2.4,2.9,0.817,0.7,3.7,4.4,4.2,1.3,0.4,1.9,1.7,20.4,17905263
"392","Thaddeus Young\youngth01",537,"PF",32,"CHI",68,23,24.3,5.4,9.7,0.559,0.2,0.7,0.267,5.3,9.1,0.58,0.568,1,1.7,0.628,2.5,3.8,6.2,4.3,1.1,0.6,2,2.2,12.1,14190000
"393","Thanasis Antetokounmpo\antetth01",14,"SF",28,"MIL",57,3,9.7,1.2,2.4,0.489,0.1,0.5,0.241,1.1,1.9,0.556,0.515,0.4,0.9,0.51,0.9,1.2,2.2,0.8,0.4,0.2,0.8,1.3,2.9,1729217
"394","Theo Pinson\pinsoth01",402,"SG",25,"NYK",17,0,2,0.1,0.5,0.111,0,0.5,0,0.1,0.1,1,0.111,0,0,NA,0,0.3,0.3,0.1,0,0,0.1,0.2,0.1,1729217
"395","Thomas Bryant\bryanth01",80,"C",23,"WAS",10,10,27.1,5.9,9.1,0.648,0.9,2.1,0.429,5,7,0.714,0.698,1.6,2.4,0.667,1.8,4.3,6.1,1.5,0.4,0.8,1.1,3.1,14.3,8730159
"396","Tim Hardaway Jr.\hardati02",199,"SG",28,"DAL",70,31,28.4,5.8,13,0.447,3,7.6,0.391,2.9,5.5,0.524,0.56,2,2.5,0.816,0.3,3,3.3,1.8,0.4,0.2,0.9,1.6,16.6,21306816
"397","Tobias Harris\harrito02",207,"PF",28,"PHI",62,62,32.5,7.6,14.9,0.512,1.3,3.4,0.394,6.3,11.5,0.546,0.556,2.9,3.3,0.892,1,5.8,6.8,3.5,0.9,0.8,1.7,1.9,19.5,36000000
"398","Tony Bradley\bradlto01",62,"C",23,"TOT",42,8,16.3,3.1,4.7,0.665,0,0.1,0,3.1,4.6,0.675,0.665,0.9,1.3,0.691,2,3.7,5.7,0.9,0.4,0.7,0.8,1.5,7.1,1789256
"399","Tony Snell\snellto01",465,"SG",29,"ATL",47,23,21.1,1.9,3.6,0.515,1.3,2.3,0.569,0.6,1.3,0.419,0.696,0.2,0.2,1,0.4,2,2.4,1.3,0.3,0.2,0.4,1.6,5.3,2389641
"400","Torrey Craig\craigto01",112,"SF",30,"TOT",50,8,16.1,2.2,4.5,0.48,0.8,2.1,0.368,1.4,2.4,0.579,0.566,0.3,0.4,0.773,1.1,2.8,3.9,1,0.6,0.5,0.5,1.7,5.5,4878049
"401","Trae Young\youngtr01",538,"PG",22,"ATL",63,63,33.7,7.7,17.7,0.438,2.2,6.3,0.343,5.6,11.3,0.491,0.499,7.7,8.7,0.886,0.6,3.3,3.9,9.4,0.8,0.2,4.1,1.8,25.3,8326471
"402","Tre Jones\jonestr01",266,"PG",21,"SAS",37,1,7.3,1,2.1,0.474,0.1,0.1,0.6,0.9,2,0.466,0.494,0.5,0.5,0.895,0.2,0.4,0.6,1.1,0.2,0,0.4,0.4,2.5,1517981
"403","Tremont Waters\watertr01",514,"PG",23,"BOS",26,3,9.2,1.3,3.2,0.405,0.6,1.5,0.395,0.7,1.8,0.413,0.494,0.6,0.7,0.941,0.2,0.6,0.8,2.4,0.6,0,1,0.7,3.8,1669178
"404","Trevor Ariza\arizatr01",19,"SF",35,"MIA",30,27,28,3.3,8,0.411,1.7,4.8,0.35,1.6,3.3,0.5,0.515,1.1,1.5,0.773,0.9,3.9,4.8,1.8,1,0.6,0.7,1.8,9.4,2641691
"405","Trey Burke\burketr01",82,"PG",28,"DAL",62,1,14.7,2.4,5.7,0.428,0.9,2.6,0.354,1.5,3,0.492,0.51,0.8,0.9,0.895,0.2,0.7,0.9,1.3,0.6,0.1,0.5,1,6.6,3333333
"406","Trey Lyles\lylestr01",306,"PF",25,"SAS",23,9,15.6,1.9,3.9,0.478,0.6,1.7,0.35,1.3,2.2,0.58,0.556,0.7,1,0.652,0.4,3.3,3.7,0.6,0.3,0,0.3,0.6,5,2500000
"407","Tristan Thompson\thomptr01",482,"PF",29,"BOS",54,43,23.8,3.1,6,0.518,0,0.1,0,3.1,6,0.523,0.518,1.3,2.2,0.592,3.1,5,8.1,1.2,0.4,0.6,1.1,2.2,7.6,9720900
"408","Troy Brown Jr.\browntr01",77,"SF",21,"TOT",34,0,15.4,1.8,4.2,0.431,0.6,2.1,0.314,1.2,2.2,0.541,0.507,0.4,0.6,0.714,0.6,2.5,3.1,0.9,0.3,0.2,0.6,1.4,4.7,5170564
"409","Ty Jerome\jeromty01",254,"SG",23,"OKC",33,1,23.9,3.9,8.7,0.446,2.2,5.1,0.423,1.7,3.6,0.479,0.57,0.8,1,0.765,0.3,2.5,2.8,3.6,0.6,0.2,1.4,1.8,10.7,2412840
"410","Tyler Cook\cookty01",109,"SF-PF",23,"TOT",32,1,13.7,2.2,3.2,0.67,0,0.1,0.5,2.1,3.2,0.673,0.675,0.5,1.1,0.486,0.9,2.1,3,0.5,0.3,0.1,0.7,1.1,4.9,1669178
"411","Tyler Herro\herroty01",217,"SG",21,"MIA",54,15,30.3,5.7,12.9,0.439,2,5.5,0.36,3.7,7.4,0.498,0.516,1.7,2.2,0.803,0.5,4.5,5,3.4,0.6,0.3,1.9,1.3,15.1,4004280
"412","Tyrell Terry\terryty01",476,"PG",20,"DAL",11,0,5.1,0.5,1.5,0.313,0,0.6,0,0.5,0.8,0.556,0.313,0.1,0.3,0.333,0,0.5,0.5,0.5,0.5,0,0.2,0.2,1,1517981
"413","Tyrese Haliburton\halibty01",195,"PG",20,"SAC",58,20,30.1,5,10.7,0.472,2.1,5.1,0.409,2.9,5.6,0.529,0.569,0.8,1,0.857,0.7,2.3,3,5.3,1.3,0.5,1.6,1.4,13,4023600
"414","Tyrese Maxey\maxeyty01",325,"SG",20,"PHI",61,8,15.3,3.2,7,0.462,0.5,1.7,0.301,2.7,5.3,0.512,0.498,1,1.1,0.871,0.2,1.5,1.7,2,0.4,0.2,0.7,1.3,8,2602920
"415","Tyus Jones\jonesty01",267,"PG",24,"MEM",70,9,17.5,2.5,5.9,0.431,0.6,2,0.321,1.9,3.9,0.487,0.485,0.6,0.6,0.911,0.3,1.7,2,3.7,0.9,0.1,0.7,0.4,6.3,7522200
"416","Udoka Azubuike\azubuud01",23,"C",21,"UTA",15,0,3.8,0.3,0.6,0.444,0,0,NA,0.3,0.6,0.444,0.444,0.5,0.7,0.8,0.3,0.6,0.9,0,0.1,0.3,0.2,0.6,1.1,2075880
"417","Udonis Haslem\hasleud01",211,"C",40,"MIA",1,0,3,2,2,1,0,0,NA,2,2,1,1,0,0,NA,0,1,1,0,0,0,0,0,4,2641691
"418","Vernon Carey Jr.\careyve01",92,"C",19,"CHO",19,4,6.1,0.9,1.9,0.5,0.1,0.4,0.143,0.9,1.5,0.586,0.514,0.5,0.6,0.818,0.3,1.1,1.4,0.1,0.1,0.3,0.3,0.7,2.4,1517981
"419","Victor Oladipo\oladivi01",384,"SG",28,"TOT",33,33,32.7,7.1,17.5,0.408,2.4,7.2,0.326,4.8,10.2,0.466,0.476,3.2,4.2,0.754,0.4,4.5,4.8,4.6,1.4,0.4,2.5,2.5,19.8,2389641
"420","Wayne Ellington\ellinwa01",145,"SG",33,"DET",46,31,22,3.2,7.3,0.441,2.5,6,0.422,0.7,1.4,0.524,0.612,0.6,0.8,0.8,0.3,1.6,1.8,1.5,0.4,0.2,0.7,1.3,9.6,2641691
"421","Wendell Carter Jr.\cartewe01",94,"C",21,"TOT",54,44,25.5,4.3,8.5,0.503,0.3,0.9,0.294,4,7.5,0.53,0.52,2.4,3.3,0.732,2.4,5.8,8.2,1.9,0.6,0.8,1.4,2.7,11.2,6920027
"422","Wenyen Gabriel\gabriwe01",166,"PF",23,"NOP",21,0,11.5,1.1,2.9,0.4,0.6,1.5,0.406,0.5,1.3,0.393,0.508,0.5,0.8,0.647,1,1.6,2.6,0.5,0.4,0.4,0.7,1.5,3.4,1762796
"423","Wesley Iwundu\iwundwe01",244,"SF",26,"TOT",41,4,13.1,0.8,2.5,0.333,0.1,1,0.122,0.7,1.5,0.475,0.358,0.6,0.8,0.839,0.4,1.8,2.2,0.4,0.4,0.1,0.5,1.2,2.4,1824003
"424","Will Barton\bartowi01",32,"SF",30,"DEN",56,52,31,4.6,10.9,0.426,1.8,4.6,0.381,2.9,6.3,0.459,0.507,1.7,2.2,0.785,0.7,3.3,4,3.2,0.9,0.4,1.7,1.7,12.7,30264615
"426","Willie Cauley-Stein\caulewi01",97,"C",27,"DAL",53,16,17.1,2.2,3.4,0.632,0,0.2,0.091,2.2,3.2,0.667,0.635,0.9,1.5,0.628,1.2,3.2,4.5,0.7,0.4,0.8,0.5,2.4,5.3,4200000
"427","Xavier Tillman Sr.\tillmxa01",486,"PF",22,"MEM",59,12,18.4,2.8,5.1,0.559,0.4,1.1,0.338,2.5,4,0.62,0.595,0.6,0.9,0.642,1.3,3.1,4.3,1.3,0.7,0.6,0.8,2,6.6,1517981
"428","Yuta Watanabe\watanyu01",513,"SF",26,"TOR",50,4,14.5,1.6,3.6,0.439,0.7,1.8,0.4,0.9,1.8,0.478,0.539,0.5,0.6,0.828,0.7,2.5,3.2,0.8,0.5,0.4,0.4,1.1,4.4,1762769
"429","Zach LaVine\lavinza01",286,"SG",25,"CHI",58,58,35.1,9.8,19.4,0.507,3.4,8.2,0.419,6.4,11.1,0.571,0.596,4.4,5.1,0.849,0.6,4.4,5,4.9,0.8,0.5,3.5,2.4,27.4,19500000
"430","Zeke Nnaji\nnajize01",367,"PF",20,"DEN",42,1,9.5,1.2,2.5,0.481,0.6,1.4,0.407,0.6,1.1,0.578,0.596,0.3,0.4,0.8,0.3,1.2,1.5,0.2,0.2,0.1,0.2,0.7,3.2,2498760
"431","Zion Williamson\willizi01",528,"PF",20,"NOP",61,61,33.2,10.4,17,0.611,0.2,0.6,0.294,10.2,16.4,0.622,0.616,6,8.7,0.698,2.7,4.5,7.2,3.7,0.9,0.6,2.7,2.2,27,10733400
